PLAYER_ID,SEASON_ID
255,22009
283,22009
406,22009
436,22009
467,22009
686,22009
689,22009
693,22009
703,22009
708,22009
711,22009
714,22009
739,22009
947,22009
948,22009
951,22009
956,22009
959,22009
965,22009
977,22009
978,22009
979,22009
980,22009
1088,22009
1112,22009
1495,22009
1497,22009
1499,22009
1501,22009
1502,22009
1503,22009
1515,22009
1533,22009
1536,22009
1563,22009
1630,22009
1710,22009
1712,22009
1713,22009
1715,22009
1716,22009
1717,22009
1718,22009
1725,22009
1729,22009
1730,22009
1733,22009
1737,22009
1740,22009
1747,22009
1752,22009
1763,22009
1766,22009
1802,22009
1853,22009
1863,22009
1882,22009
1884,22009
1885,22009
1886,22009
1888,22009
1889,22009
1890,22009
1891,22009
1894,22009
1897,22009
1899,22009
1902,22009
1903,22009
1904,22009
1905,22009
1913,22009
1922,22009
1938,22009
1952,22009
2030,22009
2034,22009
2037,22009
2038,22009
2039,22009
2041,22009
2045,22009
2046,22009
2047,22009
2048,22009
2049,22009
2050,22009
2052,22009
2056,22009
2059,22009
2063,22009
2067,22009
2072,22009
2073,22009
2078,22009
2124,22009
2137,22009
2198,22009
2199,22009
2200,22009
2201,22009
2202,22009
2203,22009
2205,22009
2207,22009
2209,22009
2210,22009
2211,22009
2212,22009
2215,22009
2216,22009
2217,22009
2222,22009
2223,22009
2224,22009
2225,22009
2229,22009
2230,22009
2239,22009
2240,22009
2243,22009
2246,22009
2248,22009
2250,22009
2260,22009
2294,22009
2306,22009
2365,22009
2366,22009
2399,22009
2400,22009
2403,22009
2404,22009
2405,22009
2406,22009
2407,22009
2408,22009
2409,22009
2413,22009
2416,22009
2419,22009
2420,22009
2422,22009
2424,22009
2427,22009
2429,22009
2430,22009
2431,22009
2436,22009
2440,22009
2443,22009
2446,22009
2449,22009
2457,22009
2484,22009
2501,22009
2544,22009
2545,22009
2546,22009
2547,22009
2548,22009
2549,22009
2550,22009
2551,22009
2552,22009
2553,22009
2554,22009
2555,22009
2556,22009
2557,22009
2561,22009
2562,22009
2563,22009
2564,22009
2566,22009
2567,22009
2568,22009
2570,22009
2571,22009
2572,22009
2574,22009
2575,22009
2581,22009
2584,22009
2585,22009
2586,22009
2588,22009
2590,22009
2592,22009
2594,22009
2605,22009
2617,22009
2624,22009
2648,22009
2669,22009
2679,22009
2694,22009
2730,22009
2731,22009
2732,22009
2733,22009
2734,22009
2736,22009
2738,22009
2740,22009
2742,22009
2743,22009
2744,22009
2746,22009
2747,22009
2748,22009
2749,22009
2753,22009
2754,22009
2755,22009
2756,22009
2757,22009
2760,22009
2767,22009
2768,22009
2772,22009
2788,22009
2804,22009
2853,22009
2857,22009
2863,22009
2876,22009
101106,22009
101107,22009
101108,22009
101109,22009
101110,22009
101111,22009
101112,22009
101114,22009
101115,22009
101118,22009
101120,22009
101121,22009
101122,22009
101124,22009
101126,22009
101127,22009
101128,22009
101129,22009
101130,22009
101131,22009
101133,22009
101135,22009
101138,22009
101139,22009
101141,22009
101142,22009
101143,22009
101144,22009
101145,22009
101146,22009
101150,22009
101153,22009
101154,22009
101155,22009
101160,22009
101161,22009
101162,22009
101177,22009
101179,22009
101181,22009
101183,22009
101189,22009
101194,22009
101198,22009
101204,22009
101208,22009
101209,22009
101211,22009
101214,22009
101215,22009
101223,22009
101235,22009
101236,22009
101249,22009
200081,22009
200575,22009
200745,22009
200746,22009
200747,22009
200748,22009
200749,22009
200750,22009
200751,22009
200752,22009
200753,22009
200755,22009
200756,22009
200757,22009
200758,22009
200760,22009
200761,22009
200762,22009
200763,22009
200764,22009
200765,22009
200766,22009
200767,22009
200768,22009
200769,22009
200770,22009
200771,22009
200776,22009
200778,22009
200779,22009
200780,22009
200781,22009
200783,22009
200789,22009
200792,22009
200794,22009
200796,22009
200797,22009
200807,22009
200809,22009
200811,22009
200813,22009
200821,22009
200822,22009
200826,22009
200839,22009
200847,22009
200918,22009
200971,22009
201043,22009
201141,22009
201142,22009
201143,22009
201144,22009
201145,22009
201146,22009
201147,22009
201149,22009
201150,22009
201151,22009
201152,22009
201153,22009
201154,22009
201155,22009
201156,22009
201157,22009
201158,22009
201159,22009
201160,22009
201161,22009
201162,22009
201163,22009
201164,22009
201165,22009
201166,22009
201167,22009
201169,22009
201171,22009
201173,22009
201175,22009
201177,22009
201178,22009
201181,22009
201182,22009
201187,22009
201188,22009
201189,22009
201191,22009
201193,22009
201196,22009
201202,22009
201203,22009
201207,22009
201208,22009
201225,22009
201228,22009
201229,22009
201235,22009
201238,22009
201242,22009
201446,22009
201563,22009
201564,22009
201565,22009
201566,22009
201567,22009
201568,22009
201569,22009
201570,22009
201571,22009
201572,22009
201573,22009
201574,22009
201575,22009
201576,22009
201577,22009
201578,22009
201579,22009
201580,22009
201581,22009
201582,22009
201583,22009
201584,22009
201585,22009
201586,22009
201587,22009
201588,22009
201589,22009
201590,22009
201591,22009
201592,22009
201595,22009
201596,22009
201599,22009
201601,22009
201602,22009
201603,22009
201604,22009
201605,22009
201606,22009
201609,22009
201611,22009
201612,22009
201616,22009
201621,22009
201622,22009
201627,22009
201628,22009
201629,22009
201632,22009
201633,22009
201645,22009
201646,22009
201648,22009
201776,22009
201781,22009
201785,22009
201802,22009
201805,22009
201821,22009
201831,22009
201834,22009
201858,22009
201933,22009
201934,22009
201935,22009
201936,22009
201938,22009
201939,22009
201941,22009
201942,22009
201943,22009
201944,22009
201945,22009
201946,22009
201947,22009
201948,22009
201949,22009
201950,22009
201951,22009
201952,22009
201953,22009
201954,22009
201956,22009
201957,22009
201958,22009
201959,22009
201960,22009
201961,22009
201962,22009
201965,22009
201966,22009
201967,22009
201969,22009
201970,22009
201971,22009
201972,22009
201973,22009
201974,22009
201975,22009
201977,22009
201978,22009
201980,22009
201981,22009
201983,22009
201985,22009
201988,22009
201991,22009
201998,22009
201999,22009
202065,22009
202066,22009
202068,22009
202069,22009
202070,22009
202071,22009
202075,22009
202076,22009
202077,22009
202078,22009
202079,22009
202081,22009
202082,22009
202083,22009
202087,22009
202091,22009
202130,22009
202132,22009
202178,22009
202238,22009
500032,22009
1962936250,22009
1962936270,22009
244,22010
255,22010
406,22010
436,22010
467,22010
686,22010
689,22010
693,22010
703,22010
708,22010
711,22010
948,22010
951,22010
956,22010
959,22010
965,22010
977,22010
978,22010
979,22010
980,22010
1088,22010
1112,22010
1495,22010
1497,22010
1498,22010
1499,22010
1503,22010
1515,22010
1536,22010
1710,22010
1712,22010
1713,22010
1715,22010
1717,22010
1718,22010
1730,22010
1733,22010
1737,22010
1740,22010
1752,22010
1802,22010
1853,22010
1863,22010
1882,22010
1884,22010
1885,22010
1888,22010
1889,22010
1890,22010
1891,22010
1894,22010
1897,22010
1899,22010
1902,22010
1903,22010
1905,22010
1922,22010
1938,22010
1952,22010
2030,22010
2032,22010
2034,22010
2037,22010
2038,22010
2039,22010
2041,22010
2045,22010
2047,22010
2048,22010
2050,22010
2052,22010
2059,22010
2063,22010
2067,22010
2072,22010
2073,22010
2078,22010
2124,22010
2137,22010
2198,22010
2199,22010
2200,22010
2202,22010
2203,22010
2205,22010
2207,22010
2209,22010
2210,22010
2211,22010
2215,22010
2216,22010
2217,22010
2222,22010
2223,22010
2225,22010
2230,22010
2240,22010
2243,22010
2246,22010
2248,22010
2250,22010
2254,22010
2260,22010
2294,22010
2306,22010
2365,22010
2397,22010
2399,22010
2400,22010
2403,22010
2404,22010
2405,22010
2406,22010
2407,22010
2408,22010
2419,22010
2420,22010
2422,22010
2427,22010
2429,22010
2430,22010
2431,22010
2440,22010
2443,22010
2446,22010
2449,22010
2501,22010
2544,22010
2545,22010
2546,22010
2547,22010
2548,22010
2549,22010
2550,22010
2551,22010
2554,22010
2555,22010
2556,22010
2557,22010
2561,22010
2562,22010
2563,22010
2564,22010
2566,22010
2567,22010
2568,22010
2570,22010
2571,22010
2572,22010
2574,22010
2575,22010
2581,22010
2584,22010
2585,22010
2586,22010
2588,22010
2590,22010
2592,22010
2594,22010
2605,22010
2617,22010
2624,22010
2632,22010
2648,22010
2668,22010
2679,22010
2694,22010
2730,22010
2731,22010
2732,22010
2733,22010
2734,22010
2735,22010
2736,22010
2738,22010
2739,22010
2740,22010
2742,22010
2743,22010
2744,22010
2746,22010
2747,22010
2748,22010
2749,22010
2753,22010
2754,22010
2755,22010
2756,22010
2757,22010
2760,22010
2767,22010
2768,22010
2772,22010
2788,22010
2804,22010
2853,22010
2863,22010
101106,22010
101107,22010
101108,22010
101109,22010
101110,22010
101111,22010
101112,22010
101113,22010
101114,22010
101115,22010
101120,22010
101121,22010
101122,22010
101124,22010
101126,22010
101127,22010
101128,22010
101129,22010
101130,22010
101131,22010
101132,22010
101133,22010
101135,22010
101138,22010
101139,22010
101141,22010
101142,22010
101144,22010
101145,22010
101150,22010
101154,22010
101155,22010
101158,22010
101161,22010
101162,22010
101177,22010
101179,22010
101181,22010
101183,22010
101198,22010
101204,22010
101211,22010
101214,22010
101223,22010
101232,22010
101236,22010
101249,22010
200081,22010
200745,22010
200746,22010
200747,22010
200748,22010
200749,22010
200750,22010
200751,22010
200752,22010
200755,22010
200756,22010
200757,22010
200758,22010
200760,22010
200761,22010
200764,22010
200765,22010
200768,22010
200769,22010
200770,22010
200772,22010
200779,22010
200780,22010
200783,22010
200789,22010
200792,22010
200793,22010
200794,22010
200796,22010
200797,22010
200809,22010
200811,22010
200817,22010
200822,22010
200826,22010
200839,22010
200984,22010
201141,22010
201142,22010
201143,22010
201144,22010
201145,22010
201146,22010
201147,22010
201148,22010
201149,22010
201150,22010
201151,22010
201152,22010
201153,22010
201154,22010
201155,22010
201156,22010
201158,22010
201159,22010
201160,22010
201161,22010
201162,22010
201163,22010
201164,22010
201166,22010
201167,22010
201168,22010
201171,22010
201175,22010
201177,22010
201178,22010
201183,22010
201186,22010
201187,22010
201188,22010
201189,22010
201193,22010
201196,22010
201199,22010
201202,22010
201203,22010
201208,22010
201228,22010
201229,22010
201234,22010
201238,22010
201563,22010
201564,22010
201565,22010
201566,22010
201567,22010
201568,22010
201569,22010
201570,22010
201571,22010
201572,22010
201573,22010
201574,22010
201575,22010
201576,22010
201577,22010
201578,22010
201579,22010
201580,22010
201581,22010
201582,22010
201583,22010
201584,22010
201585,22010
201586,22010
201587,22010
201588,22010
201589,22010
201590,22010
201591,22010
201593,22010
201595,22010
201596,22010
201599,22010
201600,22010
201601,22010
201602,22010
201603,22010
201604,22010
201607,22010
201609,22010
201610,22010
201611,22010
201616,22010
201620,22010
201621,22010
201623,22010
201627,22010
201632,22010
201645,22010
201649,22010
201785,22010
201814,22010
201848,22010
201858,22010
201933,22010
201934,22010
201935,22010
201936,22010
201938,22010
201939,22010
201941,22010
201942,22010
201943,22010
201944,22010
201945,22010
201946,22010
201947,22010
201948,22010
201949,22010
201950,22010
201951,22010
201952,22010
201953,22010
201954,22010
201956,22010
201957,22010
201958,22010
201959,22010
201960,22010
201961,22010
201962,22010
201963,22010
201965,22010
201966,22010
201967,22010
201969,22010
201970,22010
201971,22010
201972,22010
201973,22010
201974,22010
201975,22010
201976,22010
201977,22010
201978,22010
201980,22010
201985,22010
201988,22010
201991,22010
201998,22010
202066,22010
202068,22010
202074,22010
202077,22010
202079,22010
202081,22010
202082,22010
202083,22010
202087,22010
202130,22010
202132,22010
202148,22010
202178,22010
202197,22010
202213,22010
202220,22010
202238,22010
202322,22010
202323,22010
202324,22010
202325,22010
202326,22010
202327,22010
202328,22010
202329,22010
202330,22010
202331,22010
202332,22010
202333,22010
202334,22010
202335,22010
202336,22010
202337,22010
202338,22010
202339,22010
202340,22010
202341,22010
202342,22010
202343,22010
202344,22010
202345,22010
202346,22010
202347,22010
202348,22010
202349,22010
202351,22010
202354,22010
202355,22010
202356,22010
202358,22010
202360,22010
202361,22010
202362,22010
202365,22010
202371,22010
202374,22010
202375,22010
202376,22010
202377,22010
202378,22010
202379,22010
202380,22010
202382,22010
202383,22010
202386,22010
202389,22010
202390,22010
202391,22010
202392,22010
202393,22010
202394,22010
202395,22010
202396,22010
202397,22010
202399,22010
202400,22010
202402,22010
202404,22010
202406,22010
202407,22010
202408,22010
202409,22010
202410,22010
202411,22010
202412,22010
202416,22010
202417,22010
202418,22010
202419,22010
202420,22010
202421,22010
202423,22010
255,22011
436,22011
467,22011
703,22011
708,22011
711,22011
948,22011
951,22011
956,22011
959,22011
965,22011
977,22011
979,22011
1112,22011
1495,22011
1497,22011
1499,22011
1503,22011
1515,22011
1536,22011
1630,22011
1710,22011
1712,22011
1713,22011
1716,22011
1717,22011
1718,22011
1719,22011
1730,22011
1733,22011
1737,22011
1740,22011
1802,22011
1853,22011
1863,22011
1882,22011
1884,22011
1885,22011
1888,22011
1889,22011
1890,22011
1891,22011
1894,22011
1897,22011
1902,22011
1922,22011
1938,22011
1952,22011
2030,22011
2034,22011
2037,22011
2038,22011
2039,22011
2045,22011
2047,22011
2048,22011
2052,22011
2059,22011
2072,22011
2073,22011
2137,22011
2198,22011
2199,22011
2200,22011
2201,22011
2202,22011
2203,22011
2205,22011
2207,22011
2209,22011
2210,22011
2211,22011
2215,22011
2216,22011
2217,22011
2222,22011
2223,22011
2224,22011
2225,22011
2229,22011
2230,22011
2240,22011
2243,22011
2246,22011
2248,22011
2250,22011
2365,22011
2399,22011
2400,22011
2403,22011
2404,22011
2405,22011
2406,22011
2407,22011
2408,22011
2419,22011
2422,22011
2427,22011
2429,22011
2430,22011
2431,22011
2440,22011
2441,22011
2446,22011
2449,22011
2457,22011
2501,22011
2544,22011
2545,22011
2546,22011
2547,22011
2548,22011
2549,22011
2550,22011
2551,22011
2552,22011
2554,22011
2555,22011
2557,22011
2561,22011
2562,22011
2563,22011
2564,22011
2566,22011
2567,22011
2568,22011
2570,22011
2571,22011
2572,22011
2574,22011
2575,22011
2581,22011
2584,22011
2585,22011
2586,22011
2588,22011
2590,22011
2592,22011
2594,22011
2596,22011
2605,22011
2617,22011
2668,22011
2679,22011
2730,22011
2731,22011
2732,22011
2733,22011
2734,22011
2735,22011
2736,22011
2738,22011
2740,22011
2742,22011
2743,22011
2744,22011
2746,22011
2747,22011
2748,22011
2749,22011
2753,22011
2754,22011
2755,22011
2757,22011
2760,22011
2765,22011
2767,22011
2768,22011
2772,22011
2773,22011
2804,22011
2853,22011
2863,22011
101106,22011
101107,22011
101108,22011
101109,22011
101110,22011
101111,22011
101112,22011
101113,22011
101114,22011
101115,22011
101122,22011
101123,22011
101124,22011
101126,22011
101127,22011
101128,22011
101130,22011
101131,22011
101132,22011
101133,22011
101135,22011
101138,22011
101139,22011
101141,22011
101142,22011
101144,22011
101145,22011
101150,22011
101154,22011
101155,22011
101161,22011
101162,22011
101179,22011
101181,22011
101187,22011
101189,22011
101198,22011
101209,22011
101211,22011
101235,22011
101236,22011
101249,22011
200081,22011
200745,22011
200746,22011
200748,22011
200749,22011
200751,22011
200752,22011
200755,22011
200757,22011
200758,22011
200761,22011
200764,22011
200765,22011
200768,22011
200769,22011
200770,22011
200779,22011
200780,22011
200783,22011
200789,22011
200794,22011
200797,22011
200811,22011
200826,22011
200852,22011
200894,22011
201041,22011
201142,22011
201143,22011
201144,22011
201146,22011
201147,22011
201148,22011
201149,22011
201150,22011
201152,22011
201155,22011
201156,22011
201157,22011
201158,22011
201160,22011
201161,22011
201162,22011
201163,22011
201164,22011
201165,22011
201167,22011
201168,22011
201171,22011
201175,22011
201177,22011
201178,22011
201182,22011
201187,22011
201188,22011
201189,22011
201191,22011
201196,22011
201202,22011
201208,22011
201228,22011
201229,22011
201230,22011
201234,22011
201266,22011
201274,22011
201286,22011
201291,22011
201336,22011
201563,22011
201564,22011
201565,22011
201566,22011
201567,22011
201568,22011
201569,22011
201571,22011
201572,22011
201573,22011
201574,22011
201575,22011
201576,22011
201577,22011
201578,22011
201579,22011
201580,22011
201581,22011
201583,22011
201584,22011
201585,22011
201586,22011
201587,22011
201588,22011
201589,22011
201590,22011
201591,22011
201593,22011
201594,22011
201596,22011
201599,22011
201600,22011
201601,22011
201609,22011
201611,22011
201623,22011
201627,22011
201632,22011
201647,22011
201792,22011
201814,22011
201820,22011
201858,22011
201880,22011
201933,22011
201934,22011
201935,22011
201936,22011
201937,22011
201938,22011
201939,22011
201941,22011
201942,22011
201943,22011
201944,22011
201945,22011
201946,22011
201947,22011
201948,22011
201949,22011
201950,22011
201951,22011
201952,22011
201953,22011
201954,22011
201956,22011
201957,22011
201958,22011
201959,22011
201960,22011
201961,22011
201962,22011
201963,22011
201965,22011
201967,22011
201969,22011
201970,22011
201971,22011
201972,22011
201973,22011
201974,22011
201975,22011
201977,22011
201978,22011
201980,22011
201981,22011
201985,22011
201988,22011
201991,22011
202067,22011
202068,22011
202081,22011
202082,22011
202083,22011
202087,22011
202130,22011
202148,22011
202175,22011
202178,22011
202217,22011
202227,22011
202322,22011
202323,22011
202324,22011
202325,22011
202326,22011
202327,22011
202328,22011
202329,22011
202330,22011
202331,22011
202332,22011
202333,22011
202334,22011
202335,22011
202336,22011
202337,22011
202338,22011
202339,22011
202340,22011
202341,22011
202342,22011
202343,22011
202344,22011
202345,22011
202346,22011
202347,22011
202348,22011
202349,22011
202350,22011
202351,22011
202354,22011
202355,22011
202356,22011
202358,22011
202359,22011
202361,22011
202362,22011
202365,22011
202366,22011
202371,22011
202374,22011
202375,22011
202376,22011
202377,22011
202379,22011
202380,22011
202385,22011
202386,22011
202388,22011
202389,22011
202390,22011
202391,22011
202396,22011
202397,22011
202399,22011
202406,22011
202412,22011
202418,22011
202419,22011
202458,22011
202498,22011
202536,22011
202545,22011
202622,22011
202681,22011
202682,22011
202683,22011
202684,22011
202686,22011
202687,22011
202688,22011
202689,22011
202690,22011
202691,22011
202692,22011
202693,22011
202694,22011
202695,22011
202696,22011
202697,22011
202698,22011
202699,22011
202701,22011
202702,22011
202704,22011
202705,22011
202706,22011
202707,22011
202708,22011
202709,22011
202710,22011
202712,22011
202714,22011
202715,22011
202716,22011
202717,22011
202718,22011
202719,22011
202720,22011
202721,22011
202723,22011
202724,22011
202725,22011
202726,22011
202727,22011
202728,22011
202729,22011
202730,22011
202731,22011
202732,22011
202734,22011
202738,22011
202770,22011
202775,22011
202792,22011
202797,22011
202809,22011
202810,22011
202814,22011
202820,22011
202862,22011
202872,22011
202874,22011
202880,22011
202904,22011
202912,22011
202918,22011
202933,22011
202935,22011
202951,22011
202952,22011
202954,22011
202956,22011
202957,22011
202959,22011
202961,22011
202962,22011
202963,22011
202970,22011
122683568,22011
1962936483,22011
1962936489,22011
1962936495,22011
255,22012
436,22012
467,22012
703,22012
708,22012
711,22012
739,22012
948,22012
951,22012
959,22012
965,22012
977,22012
979,22012
1495,22012
1497,22012
1503,22012
1536,22012
1712,22012
1713,22012
1717,22012
1718,22012
1733,22012
1737,22012
1740,22012
1853,22012
1882,22012
1885,22012
1888,22012
1889,22012
1890,22012
1891,22012
1894,22012
1897,22012
1905,22012
1938,22012
2030,22012
2034,22012
2037,22012
2038,22012
2039,22012
2045,22012
2047,22012
2052,22012
2060,22012
2109,22012
2198,22012
2199,22012
2200,22012
2201,22012
2202,22012
2203,22012
2205,22012
2207,22012
2209,22012
2210,22012
2211,22012
2215,22012
2216,22012
2217,22012
2222,22012
2223,22012
2224,22012
2225,22012
2229,22012
2248,22012
2365,22012
2399,22012
2400,22012
2403,22012
2404,22012
2405,22012
2406,22012
2407,22012
2419,22012
2422,22012
2427,22012
2430,22012
2436,22012
2440,22012
2449,22012
2457,22012
2501,22012
2544,22012
2545,22012
2546,22012
2547,22012
2548,22012
2549,22012
2550,22012
2554,22012
2555,22012
2557,22012
2561,22012
2562,22012
2563,22012
2564,22012
2566,22012
2567,22012
2568,22012
2570,22012
2571,22012
2572,22012
2575,22012
2581,22012
2584,22012
2585,22012
2586,22012
2588,22012
2590,22012
2592,22012
2594,22012
2605,22012
2617,22012
2648,22012
2679,22012
2694,22012
2730,22012
2731,22012
2732,22012
2733,22012
2734,22012
2735,22012
2736,22012
2738,22012
2740,22012
2742,22012
2743,22012
2744,22012
2746,22012
2747,22012
2748,22012
2749,22012
2753,22012
2754,22012
2755,22012
2757,22012
2760,22012
2765,22012
2767,22012
2768,22012
2772,22012
2853,22012
2863,22012
101106,22012
101107,22012
101108,22012
101109,22012
101110,22012
101111,22012
101113,22012
101114,22012
101122,22012
101123,22012
101124,22012
101126,22012
101127,22012
101128,22012
101130,22012
101131,22012
101132,22012
101133,22012
101135,22012
101138,22012
101139,22012
101141,22012
101142,22012
101145,22012
101150,22012
101153,22012
101154,22012
101158,22012
101161,22012
101162,22012
101179,22012
101181,22012
101183,22012
101187,22012
101198,22012
101204,22012
101215,22012
101235,22012
101236,22012
101249,22012
200745,22012
200746,22012
200747,22012
200748,22012
200750,22012
200751,22012
200752,22012
200755,22012
200757,22012
200758,22012
200760,22012
200765,22012
200768,22012
200769,22012
200777,22012
200778,22012
200779,22012
200780,22012
200782,22012
200789,22012
200794,22012
200797,22012
200809,22012
200811,22012
200814,22012
200826,22012
200839,22012
200894,22012
201041,22012
201142,22012
201143,22012
201144,22012
201145,22012
201147,22012
201148,22012
201149,22012
201150,22012
201152,22012
201155,22012
201156,22012
201158,22012
201160,22012
201161,22012
201162,22012
201163,22012
201166,22012
201167,22012
201168,22012
201169,22012
201171,22012
201175,22012
201177,22012
201178,22012
201187,22012
201188,22012
201189,22012
201196,22012
201202,22012
201207,22012
201228,22012
201229,22012
201274,22012
201291,22012
201336,22012
201563,22012
201564,22012
201566,22012
201567,22012
201568,22012
201569,22012
201571,22012
201572,22012
201573,22012
201574,22012
201575,22012
201576,22012
201577,22012
201578,22012
201579,22012
201580,22012
201581,22012
201583,22012
201584,22012
201585,22012
201586,22012
201587,22012
201588,22012
201589,22012
201590,22012
201591,22012
201593,22012
201596,22012
201599,22012
201600,22012
201601,22012
201602,22012
201604,22012
201609,22012
201610,22012
201616,22012
201627,22012
201632,22012
201633,22012
201651,22012
201785,22012
201814,22012
201821,22012
201858,22012
201880,22012
201933,22012
201934,22012
201935,22012
201936,22012
201937,22012
201938,22012
201939,22012
201941,22012
201942,22012
201943,22012
201944,22012
201945,22012
201946,22012
201947,22012
201948,22012
201949,22012
201950,22012
201951,22012
201952,22012
201953,22012
201954,22012
201956,22012
201957,22012
201958,22012
201959,22012
201960,22012
201961,22012
201962,22012
201964,22012
201965,22012
201966,22012
201967,22012
201969,22012
201970,22012
201971,22012
201973,22012
201974,22012
201975,22012
201976,22012
201977,22012
201978,22012
201980,22012
201985,22012
201986,22012
201988,22012
201993,22012
202066,22012
202075,22012
202077,22012
202083,22012
202087,22012
202091,22012
202130,22012
202148,22012
202178,22012
202221,22012
202227,22012
202322,22012
202323,22012
202324,22012
202325,22012
202326,22012
202327,22012
202328,22012
202329,22012
202330,22012
202331,22012
202332,22012
202333,22012
202334,22012
202335,22012
202336,22012
202337,22012
202338,22012
202339,22012
202340,22012
202341,22012
202343,22012
202344,22012
202345,22012
202346,22012
202347,22012
202348,22012
202349,22012
202350,22012
202351,22012
202354,22012
202356,22012
202360,22012
202361,22012
202362,22012
202363,22012
202365,22012
202366,22012
202374,22012
202376,22012
202379,22012
202380,22012
202386,22012
202388,22012
202389,22012
202390,22012
202391,22012
202392,22012
202396,22012
202397,22012
202399,22012
202417,22012
202419,22012
202446,22012
202458,22012
202498,22012
202545,22012
202681,22012
202682,22012
202683,22012
202684,22012
202685,22012
202686,22012
202687,22012
202688,22012
202689,22012
202690,22012
202691,22012
202692,22012
202693,22012
202694,22012
202695,22012
202696,22012
202697,22012
202698,22012
202699,22012
202700,22012
202701,22012
202702,22012
202704,22012
202705,22012
202706,22012
202707,22012
202708,22012
202709,22012
202710,22012
202712,22012
202713,22012
202714,22012
202715,22012
202718,22012
202719,22012
202720,22012
202721,22012
202723,22012
202724,22012
202725,22012
202726,22012
202727,22012
202728,22012
202729,22012
202730,22012
202732,22012
202734,22012
202738,22012
202809,22012
202814,22012
202933,22012
202951,22012
202952,22012
202962,22012
202970,22012
203006,22012
203076,22012
203077,22012
203078,22012
203079,22012
203080,22012
203081,22012
203082,22012
203083,22012
203084,22012
203085,22012
203086,22012
203087,22012
203088,22012
203089,22012
203090,22012
203091,22012
203092,22012
203093,22012
203094,22012
203095,22012
203096,22012
203097,22012
203098,22012
203099,22012
203100,22012
203101,22012
203102,22012
203103,22012
203104,22012
203105,22012
203106,22012
203108,22012
203109,22012
203110,22012
203111,22012
203112,22012
203113,22012
203114,22012
203115,22012
203116,22012
203117,22012
203118,22012
203119,22012
203121,22012
203122,22012
203124,22012
203126,22012
203129,22012
203130,22012
203135,22012
203138,22012
203139,22012
203141,22012
203142,22012
203143,22012
203144,22012
203145,22012
203146,22012
203148,22012
203149,22012
203153,22012
203154,22012
203155,22012
203156,22012
203157,22012
203158,22012
203159,22012
203160,22012
203162,22012
203163,22012
203164,22012
203174,22012
203176,22012
203178,22012
203180,22012
203183,22012
203185,22012
203186,22012
203187,22012
203190,22012
203191,22012
203192,22012
203193,22012
203195,22012
203196,22012
203197,22012
203198,22012
203199,22012
203200,22012
203201,22012
203203,22012
203204,22012
203206,22012
203317,22012
203382,22012
708,22013
951,22013
959,22013
965,22013
977,22013
979,22013
1495,22013
1497,22013
1536,22013
1712,22013
1713,22013
1717,22013
1718,22013
1733,22013
1737,22013
1740,22013
1882,22013
1889,22013
1890,22013
1891,22013
1894,22013
1897,22013
1905,22013
1938,22013
2030,22013
2034,22013
2037,22013
2045,22013
2060,22013
2198,22013
2199,22013
2200,22013
2202,22013
2203,22013
2205,22013
2207,22013
2210,22013
2215,22013
2216,22013
2222,22013
2223,22013
2224,22013
2225,22013
2229,22013
2248,22013
2365,22013
2399,22013
2400,22013
2403,22013
2405,22013
2406,22013
2408,22013
2419,22013
2422,22013
2427,22013
2429,22013
2430,22013
2440,22013
2446,22013
2449,22013
2457,22013
2501,22013
2544,22013
2546,22013
2547,22013
2548,22013
2549,22013
2550,22013
2555,22013
2557,22013
2561,22013
2564,22013
2566,22013
2567,22013
2570,22013
2571,22013
2581,22013
2584,22013
2585,22013
2586,22013
2588,22013
2590,22013
2592,22013
2594,22013
2617,22013
2694,22013
2730,22013
2732,22013
2733,22013
2734,22013
2735,22013
2736,22013
2738,22013
2740,22013
2743,22013
2744,22013
2746,22013
2747,22013
2748,22013
2749,22013
2754,22013
2755,22013
2756,22013
2757,22013
2760,22013
2767,22013
2772,22013
2857,22013
2863,22013
101106,22013
101107,22013
101108,22013
101109,22013
101110,22013
101111,22013
101112,22013
101113,22013
101114,22013
101115,22013
101122,22013
101123,22013
101126,22013
101127,22013
101128,22013
101131,22013
101133,22013
101135,22013
101138,22013
101139,22013
101141,22013
101142,22013
101145,22013
101150,22013
101154,22013
101155,22013
101161,22013
101162,22013
101179,22013
101181,22013
101183,22013
101187,22013
101198,22013
101204,22013
101211,22013
101217,22013
101236,22013
101249,22013
200745,22013
200746,22013
200751,22013
200752,22013
200753,22013
200755,22013
200756,22013
200757,22013
200758,22013
200761,22013
200764,22013
200765,22013
200768,22013
200769,22013
200770,22013
200777,22013
200779,22013
200780,22013
200782,22013
200794,22013
200797,22013
200811,22013
200822,22013
200826,22013
200839,22013
201141,22013
201142,22013
201143,22013
201144,22013
201145,22013
201147,22013
201148,22013
201149,22013
201150,22013
201152,22013
201155,22013
201156,22013
201158,22013
201160,22013
201162,22013
201163,22013
201166,22013
201167,22013
201168,22013
201171,22013
201175,22013
201177,22013
201187,22013
201188,22013
201189,22013
201196,22013
201202,22013
201203,22013
201228,22013
201229,22013
201286,22013
201351,22013
201563,22013
201564,22013
201565,22013
201566,22013
201567,22013
201568,22013
201569,22013
201571,22013
201572,22013
201573,22013
201574,22013
201575,22013
201576,22013
201577,22013
201578,22013
201579,22013
201580,22013
201581,22013
201582,22013
201583,22013
201584,22013
201585,22013
201586,22013
201587,22013
201588,22013
201589,22013
201591,22013
201593,22013
201596,22013
201599,22013
201600,22013
201601,22013
201604,22013
201609,22013
201627,22013
201635,22013
201785,22013
201814,22013
201858,22013
201880,22013
201933,22013
201934,22013
201935,22013
201936,22013
201937,22013
201939,22013
201941,22013
201942,22013
201943,22013
201945,22013
201946,22013
201947,22013
201948,22013
201949,22013
201950,22013
201951,22013
201952,22013
201953,22013
201954,22013
201956,22013
201957,22013
201959,22013
201960,22013
201961,22013
201962,22013
201964,22013
201965,22013
201966,22013
201967,22013
201971,22013
201973,22013
201975,22013
201976,22013
201977,22013
201978,22013
201979,22013
201980,22013
201985,22013
201986,22013
201988,22013
201991,22013
202066,22013
202068,22013
202070,22013
202083,22013
202087,22013
202091,22013
202130,22013
202148,22013
202197,22013
202322,22013
202323,22013
202324,22013
202325,22013
202326,22013
202327,22013
202328,22013
202329,22013
202330,22013
202331,22013
202332,22013
202333,22013
202334,22013
202335,22013
202336,22013
202337,22013
202338,22013
202339,22013
202340,22013
202341,22013
202343,22013
202344,22013
202345,22013
202347,22013
202348,22013
202349,22013
202350,22013
202351,22013
202354,22013
202361,22013
202362,22013
202363,22013
202365,22013
202371,22013
202379,22013
202380,22013
202388,22013
202389,22013
202390,22013
202391,22013
202397,22013
202399,22013
202408,22013
202412,22013
202419,22013
202420,22013
202498,22013
202518,22013
202586,22013
202620,22013
202681,22013
202682,22013
202683,22013
202684,22013
202685,22013
202686,22013
202687,22013
202688,22013
202689,22013
202690,22013
202691,22013
202692,22013
202693,22013
202694,22013
202695,22013
202696,22013
202697,22013
202698,22013
202699,22013
202700,22013
202702,22013
202704,22013
202705,22013
202706,22013
202708,22013
202709,22013
202710,22013
202713,22013
202714,22013
202718,22013
202719,22013
202720,22013
202721,22013
202725,22013
202730,22013
202732,22013
202734,22013
202738,22013
202779,22013
202810,22013
202841,22013
202874,22013
202918,22013
202933,22013
202952,22013
202962,22013
202970,22013
203076,22013
203077,22013
203078,22013
203079,22013
203080,22013
203081,22013
203082,22013
203083,22013
203084,22013
203085,22013
203086,22013
203087,22013
203088,22013
203089,22013
203090,22013
203091,22013
203092,22013
203093,22013
203094,22013
203095,22013
203096,22013
203097,22013
203098,22013
203099,22013
203100,22013
203101,22013
203102,22013
203103,22013
203104,22013
203105,22013
203106,22013
203108,22013
203109,22013
203110,22013
203111,22013
203112,22013
203113,22013
203114,22013
203115,22013
203116,22013
203117,22013
203118,22013
203120,22013
203121,22013
203124,22013
203126,22013
203129,22013
203130,22013
203133,22013
203135,22013
203136,22013
203138,22013
203139,22013
203141,22013
203142,22013
203143,22013
203144,22013
203145,22013
203146,22013
203147,22013
203148,22013
203156,22013
203159,22013
203176,22013
203183,22013
203186,22013
203187,22013
203197,22013
203199,22013
203200,22013
203201,22013
203210,22013
203262,22013
203263,22013
203268,22013
203315,22013
203318,22013
203327,22013
203382,22013
203458,22013
203459,22013
203460,22013
203461,22013
203462,22013
203463,22013
203466,22013
203467,22013
203468,22013
203469,22013
203471,22013
203473,22013
203474,22013
203476,22013
203477,22013
203479,22013
203480,22013
203481,22013
203482,22013
203483,22013
203484,22013
203485,22013
203486,22013
203487,22013
203488,22013
203489,22013
203490,22013
203491,22013
203492,22013
203493,22013
203494,22013
203495,22013
203496,22013
203497,22013
203498,22013
203499,22013
203500,22013
203501,22013
203502,22013
203503,22013
203504,22013
203505,22013
203506,22013
203507,22013
203508,22013
203509,22013
203513,22013
203515,22013
203517,22013
203519,22013
203521,22013
203524,22013
203527,22013
203528,22013
203539,22013
203540,22013
203543,22013
203544,22013
203545,22013
203546,22013
203547,22013
203548,22013
203551,22013
203552,22013
203556,22013
203558,22013
203560,22013
203561,22013
203566,22013
203568,22013
203569,22013
203576,22013
203577,22013
203579,22013
203580,22013
203584,22013
203585,22013
203586,22013
203587,22013
203588,22013
203589,22013
203590,22013
203810,22013
203816,22013
708,22014
959,22014
977,22014
1495,22014
1713,22014
1717,22014
1718,22014
1737,22014
1882,22014
1889,22014
1890,22014
1891,22014
1905,22014
1938,22014
2030,22014
2034,22014
2037,22014
2045,22014
2199,22014
2200,22014
2202,22014
2207,22014
2210,22014
2216,22014
2217,22014
2222,22014
2223,22014
2225,22014
2365,22014
2399,22014
2400,22014
2403,22014
2405,22014
2406,22014
2419,22014
2422,22014
2430,22014
2440,22014
2446,22014
2449,22014
2457,22014
2501,22014
2544,22014
2546,22014
2547,22014
2548,22014
2549,22014
2550,22014
2555,22014
2557,22014
2561,22014
2563,22014
2564,22014
2566,22014
2567,22014
2570,22014
2571,22014
2574,22014
2581,22014
2584,22014
2585,22014
2586,22014
2588,22014
2590,22014
2592,22014
2594,22014
2617,22014
2694,22014
2730,22014
2732,22014
2733,22014
2734,22014
2736,22014
2738,22014
2742,22014
2743,22014
2744,22014
2746,22014
2747,22014
2748,22014
2749,22014
2754,22014
2755,22014
2757,22014
2760,22014
2772,22014
2788,22014
2853,22014
101106,22014
101107,22014
101108,22014
101109,22014
101110,22014
101111,22014
101112,22014
101114,22014
101122,22014
101123,22014
101126,22014
101127,22014
101128,22014
101131,22014
101133,22014
101135,22014
101138,22014
101139,22014
101141,22014
101142,22014
101145,22014
101150,22014
101161,22014
101162,22014
101179,22014
101181,22014
101183,22014
101187,22014
101198,22014
101236,22014
101249,22014
200745,22014
200746,22014
200748,22014
200751,22014
200752,22014
200755,22014
200757,22014
200761,22014
200765,22014
200768,22014
200769,22014
200770,22014
200777,22014
200779,22014
200780,22014
200782,22014
200794,22014
200797,22014
200811,22014
200826,22014
201142,22014
201143,22014
201144,22014
201145,22014
201147,22014
201148,22014
201149,22014
201150,22014
201152,22014
201155,22014
201156,22014
201158,22014
201160,22014
201162,22014
201163,22014
201166,22014
201167,22014
201168,22014
201171,22014
201173,22014
201175,22014
201177,22014
201178,22014
201188,22014
201189,22014
201196,22014
201202,22014
201228,22014
201229,22014
201234,22014
201274,22014
201563,22014
201564,22014
201565,22014
201566,22014
201567,22014
201568,22014
201569,22014
201571,22014
201572,22014
201573,22014
201574,22014
201575,22014
201577,22014
201578,22014
201579,22014
201580,22014
201581,22014
201582,22014
201583,22014
201584,22014
201585,22014
201586,22014
201587,22014
201588,22014
201589,22014
201593,22014
201595,22014
201596,22014
201599,22014
201600,22014
201601,22014
201604,22014
201609,22014
201611,22014
201627,22014
201858,22014
201880,22014
201933,22014
201934,22014
201935,22014
201936,22014
201937,22014
201939,22014
201941,22014
201942,22014
201943,22014
201945,22014
201946,22014
201947,22014
201948,22014
201949,22014
201950,22014
201951,22014
201952,22014
201954,22014
201956,22014
201959,22014
201960,22014
201961,22014
201962,22014
201964,22014
201965,22014
201967,22014
201971,22014
201973,22014
201975,22014
201976,22014
201977,22014
201978,22014
201979,22014
201980,22014
201985,22014
201988,22014
201991,22014
202066,22014
202077,22014
202083,22014
202087,22014
202091,22014
202130,22014
202197,22014
202322,22014
202323,22014
202324,22014
202325,22014
202326,22014
202327,22014
202328,22014
202329,22014
202330,22014
202331,22014
202332,22014
202333,22014
202334,22014
202335,22014
202336,22014
202337,22014
202338,22014
202339,22014
202340,22014
202343,22014
202344,22014
202345,22014
202347,22014
202349,22014
202350,22014
202354,22014
202355,22014
202361,22014
202362,22014
202363,22014
202366,22014
202379,22014
202388,22014
202389,22014
202390,22014
202391,22014
202397,22014
202399,22014
202407,22014
202419,22014
202498,22014
202550,22014
202620,22014
202681,22014
202682,22014
202683,22014
202684,22014
202685,22014
202687,22014
202688,22014
202689,22014
202690,22014
202691,22014
202692,22014
202693,22014
202694,22014
202695,22014
202696,22014
202697,22014
202698,22014
202699,22014
202700,22014
202702,22014
202703,22014
202704,22014
202706,22014
202708,22014
202709,22014
202710,22014
202711,22014
202713,22014
202714,22014
202718,22014
202719,22014
202720,22014
202721,22014
202723,22014
202730,22014
202731,22014
202734,22014
202738,22014
202779,22014
202874,22014
202918,22014
202952,22014
202962,22014
203076,22014
203077,22014
203078,22014
203079,22014
203080,22014
203081,22014
203082,22014
203083,22014
203084,22014
203085,22014
203086,22014
203087,22014
203088,22014
203089,22014
203090,22014
203092,22014
203093,22014
203094,22014
203095,22014
203096,22014
203098,22014
203099,22014
203100,22014
203101,22014
203102,22014
203103,22014
203104,22014
203105,22014
203106,22014
203108,22014
203109,22014
203110,22014
203112,22014
203113,22014
203114,22014
203115,22014
203117,22014
203118,22014
203119,22014
203120,22014
203121,22014
203122,22014
203123,22014
203124,22014
203128,22014
203133,22014
203135,22014
203136,22014
203138,22014
203141,22014
203142,22014
203143,22014
203144,22014
203145,22014
203148,22014
203149,22014
203156,22014
203158,22014
203162,22014
203186,22014
203187,22014
203193,22014
203197,22014
203200,22014
203210,22014
203268,22014
203315,22014
203318,22014
203382,22014
203457,22014
203458,22014
203459,22014
203460,22014
203461,22014
203462,22014
203463,22014
203467,22014
203468,22014
203469,22014
203471,22014
203473,22014
203474,22014
203475,22014
203476,22014
203477,22014
203479,22014
203480,22014
203481,22014
203482,22014
203484,22014
203485,22014
203486,22014
203487,22014
203488,22014
203489,22014
203490,22014
203491,22014
203492,22014
203493,22014
203495,22014
203496,22014
203497,22014
203498,22014
203499,22014
203500,22014
203501,22014
203502,22014
203503,22014
203504,22014
203505,22014
203506,22014
203507,22014
203508,22014
203511,22014
203512,22014
203513,22014
203515,22014
203516,22014
203517,22014
203519,22014
203521,22014
203524,22014
203527,22014
203530,22014
203539,22014
203540,22014
203543,22014
203544,22014
203545,22014
203546,22014
203547,22014
203551,22014
203552,22014
203561,22014
203564,22014
203565,22014
203569,22014
203580,22014
203584,22014
203585,22014
203798,22014
203805,22014
203810,22014
203893,22014
203894,22014
203897,22014
203898,22014
203900,22014
203901,22014
203903,22014
203905,22014
203906,22014
203907,22014
203909,22014
203910,22014
203912,22014
203913,22014
203914,22014
203915,22014
203917,22014
203918,22014
203919,22014
203920,22014
203921,22014
203922,22014
203923,22014
203924,22014
203925,22014
203926,22014
203927,22014
203928,22014
203930,22014
203932,22014
203933,22014
203935,22014
203937,22014
203939,22014
203940,22014
203942,22014
203943,22014
203944,22014
203945,22014
203946,22014
203948,22014
203949,22014
203950,22014
203951,22014
203952,22014
203953,22014
203954,22014
203955,22014
203956,22014
203957,22014
203958,22014
203960,22014
203961,22014
203963,22014
203964,22014
203965,22014
203966,22014
203968,22014
203990,22014
203991,22014
203994,22014
203996,22014
203998,22014
204014,22014
204020,22014
204021,22014
204022,22014
204024,22014
204025,22014
204026,22014
204027,22014
204028,22014
204029,22014
204030,22014
204033,22014
204034,22014
204037,22014
204038,22014
204039,22014
204040,22014
204041,22014
204044,22014
204053,22014
204054,22014
204060,22014
204061,22014
204062,22014
204063,22014
204064,22014
204065,22014
204067,22014
204071,22014
204075,22014
204076,22014
204077,22014
204078,22014
204079,22014
204080,22014
708,22015
977,22015
1495,22015
1713,22015
1717,22015
1718,22015
1737,22015
1882,22015
1889,22015
1891,22015
1897,22015
1938,22015
2034,22015
2037,22015
2199,22015
2200,22015
2207,22015
2210,22015
2216,22015
2223,22015
2225,22015
2365,22015
2399,22015
2400,22015
2401,22015
2403,22015
2405,22015
2406,22015
2419,22015
2440,22015
2446,22015
2449,22015
2544,22015
2546,22015
2547,22015
2548,22015
2549,22015
2550,22015
2555,22015
2561,22015
2563,22015
2564,22015
2570,22015
2571,22015
2581,22015
2585,22015
2588,22015
2590,22015
2592,22015
2594,22015
2617,22015
2694,22015
2730,22015
2732,22015
2733,22015
2734,22015
2736,22015
2738,22015
2743,22015
2744,22015
2746,22015
2747,22015
2748,22015
2749,22015
2754,22015
2755,22015
2756,22015
2757,22015
2760,22015
2772,22015
2853,22015
2863,22015
101106,22015
101107,22015
101108,22015
101109,22015
101110,22015
101111,22015
101112,22015
101114,22015
101122,22015
101123,22015
101126,22015
101127,22015
101133,22015
101135,22015
101138,22015
101139,22015
101141,22015
101145,22015
101150,22015
101161,22015
101162,22015
101179,22015
101181,22015
101187,22015
101236,22015
101249,22015
200745,22015
200746,22015
200751,22015
200752,22015
200755,22015
200757,22015
200762,22015
200765,22015
200768,22015
200770,22015
200779,22015
200782,22015
200794,22015
200797,22015
200811,22015
200821,22015
200826,22015
201142,22015
201143,22015
201144,22015
201145,22015
201147,22015
201148,22015
201149,22015
201150,22015
201152,22015
201155,22015
201156,22015
201158,22015
201160,22015
201162,22015
201163,22015
201166,22015
201167,22015
201168,22015
201171,22015
201177,22015
201188,22015
201196,22015
201202,22015
201228,22015
201229,22015
201563,22015
201564,22015
201565,22015
201566,22015
201567,22015
201568,22015
201569,22015
201571,22015
201572,22015
201573,22015
201574,22015
201575,22015
201577,22015
201578,22015
201579,22015
201580,22015
201581,22015
201582,22015
201583,22015
201584,22015
201585,22015
201586,22015
201587,22015
201588,22015
201589,22015
201593,22015
201596,22015
201599,22015
201600,22015
201601,22015
201603,22015
201604,22015
201609,22015
201619,22015
201627,22015
201645,22015
201858,22015
201880,22015
201933,22015
201935,22015
201936,22015
201937,22015
201939,22015
201941,22015
201942,22015
201943,22015
201945,22015
201946,22015
201948,22015
201949,22015
201950,22015
201951,22015
201952,22015
201954,22015
201956,22015
201959,22015
201960,22015
201961,22015
201962,22015
201965,22015
201967,22015
201969,22015
201971,22015
201973,22015
201975,22015
201976,22015
201977,22015
201978,22015
201980,22015
201988,22015
202066,22015
202068,22015
202083,22015
202087,22015
202091,22015
202130,22015
202322,22015
202323,22015
202324,22015
202325,22015
202326,22015
202328,22015
202329,22015
202330,22015
202331,22015
202332,22015
202333,22015
202334,22015
202335,22015
202337,22015
202338,22015
202339,22015
202340,22015
202341,22015
202343,22015
202344,22015
202347,22015
202348,22015
202349,22015
202353,22015
202355,22015
202357,22015
202358,22015
202362,22015
202366,22015
202379,22015
202388,22015
202389,22015
202390,22015
202391,22015
202394,22015
202397,22015
202399,22015
202407,22015
202419,22015
202464,22015
202498,22015
202513,22015
202681,22015
202682,22015
202683,22015
202684,22015
202685,22015
202687,22015
202688,22015
202689,22015
202690,22015
202691,22015
202692,22015
202693,22015
202694,22015
202695,22015
202696,22015
202697,22015
202699,22015
202700,22015
202702,22015
202703,22015
202704,22015
202706,22015
202708,22015
202709,22015
202710,22015
202711,22015
202712,22015
202713,22015
202714,22015
202718,22015
202719,22015
202720,22015
202725,22015
202726,22015
202728,22015
202730,22015
202734,22015
202738,22015
202808,22015
202815,22015
202820,22015
202933,22015
202962,22015
203076,22015
203077,22015
203078,22015
203079,22015
203080,22015
203081,22015
203082,22015
203083,22015
203084,22015
203085,22015
203086,22015
203087,22015
203088,22015
203089,22015
203090,22015
203092,22015
203093,22015
203094,22015
203095,22015
203096,22015
203098,22015
203099,22015
203100,22015
203101,22015
203103,22015
203105,22015
203109,22015
203110,22015
203111,22015
203112,22015
203113,22015
203114,22015
203115,22015
203118,22015
203123,22015
203124,22015
203128,22015
203135,22015
203138,22015
203141,22015
203142,22015
203143,22015
203145,22015
203148,22015
203156,22015
203186,22015
203187,22015
203199,22015
203200,22015
203210,22015
203268,22015
203315,22015
203382,22015
203457,22015
203458,22015
203459,22015
203460,22015
203461,22015
203462,22015
203463,22015
203468,22015
203469,22015
203471,22015
203472,22015
203473,22015
203474,22015
203475,22015
203476,22015
203477,22015
203481,22015
203482,22015
203484,22015
203485,22015
203486,22015
203487,22015
203488,22015
203490,22015
203492,22015
203493,22015
203496,22015
203497,22015
203498,22015
203499,22015
203500,22015
203501,22015
203502,22015
203503,22015
203504,22015
203506,22015
203507,22015
203508,22015
203510,22015
203511,22015
203512,22015
203515,22015
203516,22015
203519,22015
203521,22015
203524,22015
203526,22015
203527,22015
203529,22015
203530,22015
203546,22015
203547,22015
203552,22015
203569,22015
203584,22015
203586,22015
203613,22015
203648,22015
203798,22015
203893,22015
203894,22015
203895,22015
203897,22015
203898,22015
203900,22015
203901,22015
203903,22015
203906,22015
203909,22015
203910,22015
203912,22015
203913,22015
203914,22015
203915,22015
203917,22015
203918,22015
203919,22015
203921,22015
203922,22015
203923,22015
203924,22015
203925,22015
203926,22015
203927,22015
203928,22015
203929,22015
203930,22015
203932,22015
203933,22015
203934,22015
203935,22015
203937,22015
203939,22015
203940,22015
203943,22015
203944,22015
203946,22015
203947,22015
203948,22015
203949,22015
203950,22015
203951,22015
203952,22015
203953,22015
203954,22015
203955,22015
203956,22015
203957,22015
203959,22015
203960,22015
203961,22015
203962,22015
203963,22015
203966,22015
203991,22015
203994,22015
203996,22015
203998,22015
203999,22015
204001,22015
204002,22015
204014,22015
204020,22015
204022,22015
204025,22015
204028,22015
204038,22015
204040,22015
204060,22015
204065,22015
204066,22015
204067,22015
204075,22015
204098,22015
204136,22015
204179,22015
204189,22015
204222,22015
204289,22015
204456,22015
1626143,22015
1626144,22015
1626145,22015
1626146,22015
1626147,22015
1626148,22015
1626149,22015
1626151,22015
1626153,22015
1626154,22015
1626155,22015
1626156,22015
1626157,22015
1626158,22015
1626159,22015
1626160,22015
1626161,22015
1626162,22015
1626163,22015
1626164,22015
1626165,22015
1626166,22015
1626167,22015
1626168,22015
1626169,22015
1626170,22015
1626171,22015
1626172,22015
1626173,22015
1626174,22015
1626175,22015
1626176,22015
1626178,22015
1626179,22015
1626180,22015
1626181,22015
1626182,22015
1626183,22015
1626185,22015
1626186,22015
1626187,22015
1626188,22015
1626189,22015
1626190,22015
1626191,22015
1626192,22015
1626193,22015
1626196,22015
1626199,22015
1626201,22015
1626202,22015
1626203,22015
1626204,22015
1626205,22015
1626207,22015
1626208,22015
1626209,22015
1626210,22015
1626214,22015
1626217,22015
1626219,22015
1626242,22015
1626245,22015
1626246,22015
1626251,22015
1626252,22015
1626253,22015
1626254,22015
1626257,22015
1626258,22015
1626259,22015
1626260,22015
1626261,22015
1626262,22015
1626263,22015
1626266,22015
1626269,22015
1626270,22015
1626271,22015
1626272,22015
1626273,22015
1626275,22015
1626276,22015
1626279,22015
1626280,22015
1626281,22015
1626285,22015
1626288,22015
1626289,22015
1626290,22015
1626293,22015
1626294,22015
1626295,22015
1626296,22015
1626304,22015
1626305,22015
1627224,22015
1627258,22015
1627292,22015
1627293,22015
1627322,22015
1627362,22015
1713,22016
1717,22016
1718,22016
1882,22016
1891,22016
1897,22016
1938,22016
2034,22016
2037,22016
2199,22016
2200,22016
2207,22016
2210,22016
2216,22016
2225,22016
2365,22016
2399,22016
2403,22016
2440,22016
2446,22016
2449,22016
2544,22016
2546,22016
2547,22016
2548,22016
2555,22016
2561,22016
2563,22016
2564,22016
2571,22016
2585,22016
2592,22016
2594,22016
2617,22016
2730,22016
2733,22016
2734,22016
2736,22016
2738,22016
2743,22016
2744,22016
2747,22016
2748,22016
2749,22016
2754,22016
2756,22016
2757,22016
2760,22016
2772,22016
101106,22016
101107,22016
101108,22016
101109,22016
101112,22016
101114,22016
101123,22016
101127,22016
101133,22016
101135,22016
101138,22016
101139,22016
101141,22016
101145,22016
101150,22016
101161,22016
101162,22016
101179,22016
101181,22016
101187,22016
101198,22016
101249,22016
200746,22016
200751,22016
200752,22016
200755,22016
200757,22016
200765,22016
200768,22016
200770,22016
200771,22016
200779,22016
200782,22016
200794,22016
200811,22016
200826,22016
201142,22016
201143,22016
201144,22016
201145,22016
201146,22016
201147,22016
201148,22016
201149,22016
201150,22016
201152,22016
201155,22016
201156,22016
201158,22016
201160,22016
201162,22016
201163,22016
201166,22016
201167,22016
201168,22016
201177,22016
201188,22016
201196,22016
201202,22016
201228,22016
201229,22016
201286,22016
201563,22016
201565,22016
201566,22016
201567,22016
201568,22016
201569,22016
201571,22016
201572,22016
201573,22016
201575,22016
201577,22016
201578,22016
201579,22016
201580,22016
201582,22016
201583,22016
201584,22016
201585,22016
201586,22016
201587,22016
201588,22016
201589,22016
201593,22016
201599,22016
201600,22016
201601,22016
201609,22016
201627,22016
201628,22016
201880,22016
201933,22016
201935,22016
201936,22016
201937,22016
201939,22016
201941,22016
201942,22016
201943,22016
201945,22016
201949,22016
201950,22016
201951,22016
201952,22016
201954,22016
201956,22016
201959,22016
201960,22016
201961,22016
201962,22016
201967,22016
201973,22016
201975,22016
201976,22016
201977,22016
201978,22016
201980,22016
201988,22016
202066,22016
202083,22016
202087,22016
202130,22016
202322,22016
202323,22016
202324,22016
202325,22016
202326,22016
202328,22016
202329,22016
202330,22016
202331,22016
202332,22016
202334,22016
202335,22016
202336,22016
202337,22016
202338,22016
202339,22016
202340,22016
202343,22016
202344,22016
202347,22016
202348,22016
202349,22016
202355,22016
202357,22016
202362,22016
202379,22016
202389,22016
202390,22016
202391,22016
202397,22016
202407,22016
202412,22016
202498,22016
202620,22016
202681,22016
202682,22016
202683,22016
202684,22016
202685,22016
202687,22016
202688,22016
202689,22016
202691,22016
202692,22016
202693,22016
202694,22016
202695,22016
202696,22016
202697,22016
202699,22016
202700,22016
202702,22016
202703,22016
202704,22016
202708,22016
202709,22016
202710,22016
202711,22016
202712,22016
202713,22016
202714,22016
202718,22016
202720,22016
202722,22016
202728,22016
202730,22016
202732,22016
202734,22016
202738,22016
202810,22016
202841,22016
202874,22016
202933,22016
203076,22016
203077,22016
203078,22016
203079,22016
203080,22016
203081,22016
203082,22016
203083,22016
203084,22016
203085,22016
203086,22016
203087,22016
203089,22016
203090,22016
203092,22016
203093,22016
203094,22016
203095,22016
203096,22016
203098,22016
203100,22016
203101,22016
203105,22016
203107,22016
203109,22016
203110,22016
203111,22016
203112,22016
203114,22016
203115,22016
203118,22016
203120,22016
203122,22016
203124,22016
203133,22016
203135,22016
203138,22016
203141,22016
203142,22016
203143,22016
203145,22016
203148,22016
203156,22016
203186,22016
203187,22016
203200,22016
203210,22016
203268,22016
203315,22016
203382,22016
203457,22016
203458,22016
203459,22016
203460,22016
203461,22016
203462,22016
203463,22016
203464,22016
203468,22016
203469,22016
203471,22016
203473,22016
203474,22016
203476,22016
203477,22016
203481,22016
203482,22016
203484,22016
203485,22016
203486,22016
203487,22016
203488,22016
203489,22016
203490,22016
203492,22016
203493,22016
203496,22016
203497,22016
203498,22016
203500,22016
203501,22016
203503,22016
203504,22016
203506,22016
203507,22016
203510,22016
203511,22016
203512,22016
203515,22016
203516,22016
203518,22016
203520,22016
203521,22016
203524,22016
203526,22016
203527,22016
203530,22016
203546,22016
203552,22016
203560,22016
203584,22016
203585,22016
203613,22016
203705,22016
203710,22016
203798,22016
203810,22016
203894,22016
203895,22016
203897,22016
203898,22016
203900,22016
203901,22016
203902,22016
203903,22016
203909,22016
203910,22016
203912,22016
203914,22016
203915,22016
203917,22016
203918,22016
203919,22016
203921,22016
203922,22016
203923,22016
203924,22016
203925,22016
203926,22016
203928,22016
203930,22016
203932,22016
203933,22016
203934,22016
203935,22016
203937,22016
203939,22016
203940,22016
203943,22016
203944,22016
203948,22016
203949,22016
203950,22016
203952,22016
203953,22016
203954,22016
203956,22016
203957,22016
203960,22016
203962,22016
203967,22016
203990,22016
203991,22016
203994,22016
203996,22016
203998,22016
203999,22016
204001,22016
204002,22016
204014,22016
204020,22016
204025,22016
204028,22016
204029,22016
204037,22016
204038,22016
204039,22016
204060,22016
204066,22016
204067,22016
204098,22016
204456,22016
1626143,22016
1626144,22016
1626145,22016
1626146,22016
1626147,22016
1626148,22016
1626149,22016
1626150,22016
1626151,22016
1626153,22016
1626154,22016
1626155,22016
1626156,22016
1626157,22016
1626158,22016
1626159,22016
1626160,22016
1626161,22016
1626162,22016
1626163,22016
1626164,22016
1626166,22016
1626167,22016
1626168,22016
1626169,22016
1626170,22016
1626171,22016
1626172,22016
1626173,22016
1626174,22016
1626175,22016
1626176,22016
1626178,22016
1626179,22016
1626181,22016
1626182,22016
1626183,22016
1626184,22016
1626185,22016
1626188,22016
1626191,22016
1626192,22016
1626195,22016
1626196,22016
1626199,22016
1626202,22016
1626203,22016
1626204,22016
1626205,22016
1626209,22016
1626210,22016
1626213,22016
1626242,22016
1626245,22016
1626246,22016
1626253,22016
1626254,22016
1626257,22016
1626266,22016
1626273,22016
1626294,22016
1626780,22016
1627098,22016
1627362,22016
1627496,22016
1627732,22016
1627733,22016
1627734,22016
1627735,22016
1627736,22016
1627737,22016
1627738,22016
1627739,22016
1627740,22016
1627741,22016
1627742,22016
1627743,22016
1627744,22016
1627745,22016
1627746,22016
1627747,22016
1627748,22016
1627749,22016
1627750,22016
1627751,22016
1627752,22016
1627754,22016
1627755,22016
1627756,22016
1627757,22016
1627758,22016
1627759,22016
1627760,22016
1627761,22016
1627762,22016
1627763,22016
1627765,22016
1627766,22016
1627767,22016
1627768,22016
1627770,22016
1627771,22016
1627773,22016
1627774,22016
1627775,22016
1627777,22016
1627778,22016
1627779,22016
1627780,22016
1627781,22016
1627782,22016
1627783,22016
1627784,22016
1627785,22016
1627786,22016
1627787,22016
1627789,22016
1627791,22016
1627811,22016
1627812,22016
1627814,22016
1627815,22016
1627816,22016
1627817,22016
1627818,22016
1627819,22016
1627821,22016
1627823,22016
1627826,22016
1627827,22016
1627829,22016
1627832,22016
1627834,22016
1627835,22016
1627836,22016
1627841,22016
1627843,22016
1627848,22016
1627849,22016
1627850,22016
1627851,22016
1627852,22016
1627853,22016
1627854,22016
1627855,22016
1627856,22016
1627858,22016
1627861,22016
1627862,22016
1627863,22016
1627865,22016
1627866,22016
1627867,22016
1627868,22016
1627873,22016
1627875,22016
1627878,22016
1627879,22016
1627880,22016
1627881,22016
1627882,22016
1627883,22016
1627884,22016
1627885,22016
1627886,22016
1627887,22016
1627888,22016
1627902,22016
1627936,22016
1627938,22016
1627954,22016
1628021,22016
1628041,22016
1713,22017
1717,22017
1891,22017
1938,22017
2037,22017
2199,22017
2200,22017
2207,22017
2210,22017
2216,22017
2225,22017
2403,22017
2544,22017
2546,22017
2548,22017
2555,22017
2561,22017
2570,22017
2585,22017
2594,22017
2617,22017
2730,22017
2731,22017
2733,22017
2734,22017
2735,22017
2736,22017
2738,22017
2743,22017
2744,22017
2746,22017
2747,22017
2749,22017
2754,22017
2757,22017
2772,22017
2863,22017
101106,22017
101107,22017
101108,22017
101109,22017
101112,22017
101123,22017
101127,22017
101133,22017
101139,22017
101141,22017
101150,22017
101161,22017
101162,22017
101181,22017
162777,22017
200746,22017
200752,22017
200755,22017
200757,22017
200765,22017
200766,22017
200768,22017
200782,22017
200794,22017
200826,22017
201142,22017
201143,22017
201144,22017
201145,22017
201147,22017
201148,22017
201149,22017
201152,22017
201156,22017
201158,22017
201160,22017
201162,22017
201163,22017
201166,22017
201167,22017
201177,22017
201188,22017
201196,22017
201202,22017
201229,22017
201281,22017
201563,22017
201565,22017
201566,22017
201567,22017
201568,22017
201569,22017
201571,22017
201572,22017
201573,22017
201575,22017
201577,22017
201578,22017
201580,22017
201582,22017
201583,22017
201584,22017
201585,22017
201586,22017
201587,22017
201588,22017
201589,22017
201596,22017
201599,22017
201600,22017
201601,22017
201609,22017
201627,22017
201628,22017
201933,22017
201935,22017
201936,22017
201937,22017
201939,22017
201942,22017
201943,22017
201949,22017
201950,22017
201951,22017
201952,22017
201954,22017
201956,22017
201959,22017
201960,22017
201961,22017
201967,22017
201973,22017
201975,22017
201976,22017
201980,22017
201988,22017
202066,22017
202083,22017
202322,22017
202323,22017
202324,22017
202325,22017
202326,22017
202327,22017
202328,22017
202329,22017
202330,22017
202331,22017
202332,22017
202334,22017
202335,22017
202337,22017
202339,22017
202340,22017
202344,22017
202347,22017
202348,22017
202355,22017
202357,22017
202360,22017
202362,22017
202379,22017
202388,22017
202389,22017
202391,22017
202397,22017
202407,22017
202498,22017
202681,22017
202682,22017
202683,22017
202684,22017
202685,22017
202687,22017
202688,22017
202689,22017
202691,22017
202692,22017
202693,22017
202694,22017
202695,22017
202696,22017
202697,22017
202699,22017
202702,22017
202703,22017
202704,22017
202705,22017
202709,22017
202710,22017
202711,22017
202713,22017
202714,22017
202718,22017
202720,22017
202722,22017
202732,22017
202734,22017
202738,22017
202779,22017
202918,22017
202933,22017
203076,22017
203077,22017
203078,22017
203079,22017
203081,22017
203082,22017
203083,22017
203084,22017
203085,22017
203086,22017
203087,22017
203088,22017
203089,22017
203090,22017
203092,22017
203095,22017
203098,22017
203101,22017
203103,22017
203104,22017
203107,22017
203109,22017
203110,22017
203112,22017
203114,22017
203115,22017
203118,22017
203121,22017
203124,22017
203141,22017
203145,22017
203146,22017
203183,22017
203186,22017
203187,22017
203199,22017
203200,22017
203210,22017
203382,22017
203457,22017
203458,22017
203459,22017
203460,22017
203461,22017
203462,22017
203463,22017
203464,22017
203467,22017
203468,22017
203469,22017
203471,22017
203473,22017
203476,22017
203477,22017
203481,22017
203482,22017
203484,22017
203485,22017
203486,22017
203487,22017
203488,22017
203489,22017
203490,22017
203493,22017
203496,22017
203497,22017
203498,22017
203499,22017
203500,22017
203501,22017
203503,22017
203504,22017
203505,22017
203506,22017
203507,22017
203512,22017
203516,22017
203518,22017
203521,22017
203524,22017
203526,22017
203530,22017
203546,22017
203547,22017
203552,22017
203564,22017
203580,22017
203584,22017
203585,22017
203590,22017
203613,22017
203687,22017
203705,22017
203710,22017
203816,22017
203894,22017
203897,22017
203898,22017
203900,22017
203901,22017
203902,22017
203903,22017
203909,22017
203912,22017
203914,22017
203915,22017
203917,22017
203918,22017
203920,22017
203922,22017
203923,22017
203924,22017
203925,22017
203926,22017
203930,22017
203932,22017
203933,22017
203935,22017
203937,22017
203939,22017
203940,22017
203943,22017
203944,22017
203948,22017
203949,22017
203952,22017
203953,22017
203954,22017
203957,22017
203960,22017
203961,22017
203962,22017
203966,22017
203967,22017
203991,22017
203992,22017
203994,22017
203998,22017
203999,22017
204001,22017
204002,22017
204014,22017
204020,22017
204022,22017
204025,22017
204028,22017
204037,22017
204038,22017
204060,22017
204064,22017
204065,22017
204066,22017
204067,22017
204098,22017
204179,22017
204310,22017
204456,22017
1626143,22017
1626144,22017
1626145,22017
1626146,22017
1626147,22017
1626148,22017
1626149,22017
1626150,22017
1626151,22017
1626153,22017
1626154,22017
1626155,22017
1626156,22017
1626157,22017
1626158,22017
1626159,22017
1626161,22017
1626162,22017
1626163,22017
1626164,22017
1626165,22017
1626166,22017
1626167,22017
1626168,22017
1626169,22017
1626170,22017
1626171,22017
1626172,22017
1626173,22017
1626175,22017
1626177,22017
1626178,22017
1626179,22017
1626181,22017
1626182,22017
1626185,22017
1626188,22017
1626191,22017
1626192,22017
1626195,22017
1626196,22017
1626199,22017
1626202,22017
1626203,22017
1626204,22017
1626205,22017
1626209,22017
1626210,22017
1626220,22017
1626224,22017
1626242,22017
1626245,22017
1626246,22017
1626257,22017
1626259,22017
1626643,22017
1626780,22017
1627098,22017
1627215,22017
1627362,22017
1627732,22017
1627733,22017
1627734,22017
1627735,22017
1627736,22017
1627737,22017
1627738,22017
1627739,22017
1627740,22017
1627741,22017
1627742,22017
1627743,22017
1627744,22017
1627745,22017
1627746,22017
1627747,22017
1627748,22017
1627749,22017
1627750,22017
1627751,22017
1627752,22017
1627753,22017
1627754,22017
1627755,22017
1627756,22017
1627757,22017
1627758,22017
1627759,22017
1627761,22017
1627762,22017
1627763,22017
1627767,22017
1627770,22017
1627771,22017
1627772,22017
1627773,22017
1627774,22017
1627775,22017
1627777,22017
1627778,22017
1627779,22017
1627780,22017
1627781,22017
1627782,22017
1627783,22017
1627784,22017
1627785,22017
1627786,22017
1627787,22017
1627788,22017
1627789,22017
1627790,22017
1627812,22017
1627814,22017
1627815,22017
1627816,22017
1627817,22017
1627819,22017
1627820,22017
1627821,22017
1627823,22017
1627824,22017
1627825,22017
1627826,22017
1627827,22017
1627832,22017
1627834,22017
1627835,22017
1627846,22017
1627849,22017
1627850,22017
1627851,22017
1627852,22017
1627853,22017
1627854,22017
1627855,22017
1627856,22017
1627858,22017
1627863,22017
1627866,22017
1627875,22017
1627883,22017
1627884,22017
1627885,22017
1627936,22017
1627982,22017
1627988,22017
1628021,22017
1628035,22017
1628174,22017
1628176,22017
1628241,22017
1628365,22017
1628366,22017
1628367,22017
1628368,22017
1628369,22017
1628370,22017
1628371,22017
1628372,22017
1628373,22017
1628374,22017
1628378,22017
1628379,22017
1628380,22017
1628381,22017
1628382,22017
1628383,22017
1628384,22017
1628385,22017
1628386,22017
1628387,22017
1628388,22017
1628389,22017
1628390,22017
1628391,22017
1628393,22017
1628395,22017
1628396,22017
1628397,22017
1628398,22017
1628399,22017
1628400,22017
1628401,22017
1628402,22017
1628403,22017
1628404,22017
1628405,22017
1628407,22017
1628408,22017
1628409,22017
1628410,22017
1628411,22017
1628412,22017
1628414,22017
1628415,22017
1628416,22017
1628418,22017
1628419,22017
1628420,22017
1628421,22017
1628422,22017
1628424,22017
1628425,22017
1628429,22017
1628431,22017
1628432,22017
1628433,22017
1628436,22017
1628437,22017
1628439,22017
1628443,22017
1628444,22017
1628449,22017
1628451,22017
1628452,22017
1628453,22017
1628454,22017
1628455,22017
1628456,22017
1628460,22017
1628462,22017
1628463,22017
1628464,22017
1628467,22017
1628469,22017
1628470,22017
1628473,22017
1628475,22017
1628476,22017
1628477,22017
1628491,22017
1628492,22017
1628493,22017
1628494,22017
1628495,22017
1628496,22017
1628499,22017
1628500,22017
1628502,22017
1628503,22017
1628504,22017
1628505,22017
1628506,22017
1628510,22017
1628511,22017
1628512,22017
1628513,22017
1628514,22017
1628515,22017
1628516,22017
1628517,22017
1628518,22017
1628528,22017
1628535,22017
1628537,22017
1628554,22017
1628571,22017
1628575,22017
1628576,22017
1628577,22017
1628578,22017
1628579,22017
1628677,22017
1628679,22017
1628680,22017
1628681,22017
1628935,22017
1962937755,22017
1962937827,22017
1713,22018
1717,22018
2037,22018
2199,22018
2200,22018
2216,22018
2225,22018
2403,22018
2544,22018
2546,22018
2548,22018
2585,22018
2594,22018
2617,22018
2730,22018
2731,22018
2733,22018
2734,22018
2736,22018
2738,22018
2747,22018
2772,22018
101106,22018
101107,22018
101108,22018
101109,22018
101112,22018
101123,22018
101127,22018
101133,22018
101139,22018
101141,22018
101150,22018
101161,22018
101162,22018
101181,22018
200746,22018
200752,22018
200755,22018
200757,22018
200765,22018
200768,22018
200782,22018
200794,22018
200826,22018
201142,22018
201143,22018
201144,22018
201145,22018
201147,22018
201149,22018
201152,22018
201156,22018
201158,22018
201160,22018
201162,22018
201163,22018
201188,22018
201229,22018
201281,22018
201563,22018
201565,22018
201566,22018
201567,22018
201568,22018
201569,22018
201571,22018
201572,22018
201573,22018
201577,22018
201580,22018
201582,22018
201583,22018
201584,22018
201585,22018
201586,22018
201587,22018
201588,22018
201589,22018
201599,22018
201600,22018
201601,22018
201609,22018
201933,22018
201935,22018
201936,22018
201937,22018
201939,22018
201942,22018
201949,22018
201950,22018
201952,22018
201954,22018
201956,22018
201959,22018
201960,22018
201961,22018
201967,22018
201973,22018
201975,22018
201976,22018
201980,22018
201988,22018
202066,22018
202083,22018
202322,22018
202323,22018
202324,22018
202325,22018
202326,22018
202327,22018
202328,22018
202329,22018
202330,22018
202331,22018
202332,22018
202334,22018
202335,22018
202339,22018
202340,22018
202347,22018
202355,22018
202357,22018
202362,22018
202388,22018
202389,22018
202391,22018
202397,22018
202498,22018
202681,22018
202683,22018
202684,22018
202685,22018
202687,22018
202688,22018
202689,22018
202690,22018
202691,22018
202692,22018
202693,22018
202694,22018
202695,22018
202696,22018
202697,22018
202699,22018
202700,22018
202702,22018
202703,22018
202704,22018
202705,22018
202709,22018
202710,22018
202711,22018
202714,22018
202718,22018
202720,22018
202721,22018
202722,22018
202730,22018
202732,22018
202734,22018
202738,22018
202918,22018
202954,22018
203076,22018
203077,22018
203078,22018
203079,22018
203080,22018
203081,22018
203082,22018
203083,22018
203084,22018
203085,22018
203086,22018
203087,22018
203089,22018
203090,22018
203092,22018
203093,22018
203095,22018
203098,22018
203101,22018
203107,22018
203109,22018
203110,22018
203112,22018
203114,22018
203115,22018
203118,22018
203121,22018
203124,22018
203130,22018
203145,22018
203159,22018
203200,22018
203210,22018
203263,22018
203382,22018
203457,22018
203458,22018
203459,22018
203460,22018
203463,22018
203468,22018
203469,22018
203471,22018
203473,22018
203474,22018
203476,22018
203477,22018
203482,22018
203484,22018
203485,22018
203486,22018
203487,22018
203488,22018
203490,22018
203493,22018
203496,22018
203497,22018
203498,22018
203500,22018
203501,22018
203503,22018
203504,22018
203506,22018
203507,22018
203516,22018
203518,22018
203521,22018
203524,22018
203526,22018
203546,22018
203552,22018
203564,22018
203583,22018
203584,22018
203585,22018
203613,22018
203629,22018
203658,22018
203687,22018
203710,22018
203805,22018
203816,22018
203894,22018
203895,22018
203897,22018
203901,22018
203903,22018
203909,22018
203910,22018
203912,22018
203914,22018
203915,22018
203917,22018
203918,22018
203920,22018
203922,22018
203924,22018
203925,22018
203926,22018
203932,22018
203933,22018
203935,22018
203937,22018
203939,22018
203943,22018
203944,22018
203950,22018
203952,22018
203953,22018
203954,22018
203957,22018
203960,22018
203961,22018
203962,22018
203967,22018
203991,22018
203992,22018
203994,22018
203998,22018
203999,22018
204001,22018
204020,22018
204025,22018
204037,22018
204038,22018
204060,22018
204066,22018
204076,22018
204179,22018
204192,22018
204456,22018
1626143,22018
1626144,22018
1626145,22018
1626147,22018
1626148,22018
1626149,22018
1626150,22018
1626153,22018
1626154,22018
1626155,22018
1626156,22018
1626157,22018
1626158,22018
1626159,22018
1626161,22018
1626162,22018
1626163,22018
1626164,22018
1626166,22018
1626167,22018
1626168,22018
1626169,22018
1626170,22018
1626171,22018
1626172,22018
1626174,22018
1626178,22018
1626179,22018
1626181,22018
1626184,22018
1626185,22018
1626187,22018
1626188,22018
1626191,22018
1626192,22018
1626195,22018
1626196,22018
1626203,22018
1626204,22018
1626209,22018
1626210,22018
1626220,22018
1626224,22018
1626245,22018
1626246,22018
1626257,22018
1626259,22018
1626260,22018
1626296,22018
1626780,22018
1627215,22018
1627362,22018
1627395,22018
1627732,22018
1627733,22018
1627734,22018
1627735,22018
1627736,22018
1627737,22018
1627738,22018
1627739,22018
1627740,22018
1627741,22018
1627742,22018
1627743,22018
1627745,22018
1627746,22018
1627747,22018
1627748,22018
1627749,22018
1627750,22018
1627751,22018
1627752,22018
1627753,22018
1627755,22018
1627756,22018
1627758,22018
1627759,22018
1627761,22018
1627763,22018
1627766,22018
1627767,22018
1627770,22018
1627772,22018
1627774,22018
1627775,22018
1627777,22018
1627778,22018
1627780,22018
1627781,22018
1627782,22018
1627783,22018
1627786,22018
1627788,22018
1627789,22018
1627790,22018
1627812,22018
1627814,22018
1627816,22018
1627819,22018
1627820,22018
1627823,22018
1627824,22018
1627826,22018
1627827,22018
1627832,22018
1627846,22018
1627853,22018
1627854,22018
1627855,22018
1627858,22018
1627863,22018
1627875,22018
1627883,22018
1627884,22018
1627885,22018
1627936,22018
1628021,22018
1628035,22018
1628070,22018
1628249,22018
1628365,22018
1628366,22018
1628367,22018
1628368,22018
1628369,22018
1628370,22018
1628371,22018
1628372,22018
1628373,22018
1628374,22018
1628378,22018
1628379,22018
1628380,22018
1628381,22018
1628382,22018
1628383,22018
1628384,22018
1628385,22018
1628386,22018
1628387,22018
1628388,22018
1628389,22018
1628390,22018
1628391,22018
1628392,22018
1628393,22018
1628395,22018
1628396,22018
1628397,22018
1628398,22018
1628399,22018
1628400,22018
1628401,22018
1628402,22018
1628403,22018
1628404,22018
1628405,22018
1628407,22018
1628408,22018
1628410,22018
1628411,22018
1628412,22018
1628413,22018
1628414,22018
1628415,22018
1628416,22018
1628417,22018
1628418,22018
1628419,22018
1628420,22018
1628421,22018
1628422,22018
1628424,22018
1628425,22018
1628429,22018
1628432,22018
1628436,22018
1628439,22018
1628443,22018
1628444,22018
1628449,22018
1628462,22018
1628463,22018
1628464,22018
1628467,22018
1628469,22018
1628470,22018
1628476,22018
1628499,22018
1628500,22018
1628503,22018
1628505,22018
1628513,22018
1628515,22018
1628518,22018
1628537,22018
1628576,22018
1628605,22018
1628610,22018
1628656,22018
1628681,22018
1628769,22018
1628959,22018
1628960,22018
1628961,22018
1628963,22018
1628964,22018
1628965,22018
1628966,22018
1628969,22018
1628970,22018
1628971,22018
1628972,22018
1628973,22018
1628975,22018
1628976,22018
1628977,22018
1628978,22018
1628979,22018
1628980,22018
1628982,22018
1628983,22018
1628984,22018
1628988,22018
1628989,22018
1628990,22018
1628991,22018
1628993,22018
1628994,22018
1628995,22018
1628999,22018
1629000,22018
1629001,22018
1629002,22018
1629003,22018
1629004,22018
1629005,22018
1629006,22018
1629008,22018
1629009,22018
1629010,22018
1629011,22018
1629012,22018
1629013,22018
1629014,22018
1629015,22018
1629016,22018
1629017,22018
1629018,22018
1629019,22018
1629020,22018
1629021,22018
1629022,22018
1629026,22018
1629027,22018
1629028,22018
1629029,22018
1629033,22018
1629034,22018
1629036,22018
1629037,22018
1629045,22018
1629050,22018
1629053,22018
1629055,22018
1629057,22018
1629058,22018
1629059,22018
1629061,22018
1629066,22018
1629067,22018
1629078,22018
1629093,22018
1629094,22018
1629102,22018
1629109,22018
1629116,22018
1629117,22018
1629118,22018
1629121,22018
1629122,22018
1629123,22018
1629126,22018
1629129,22018
1629130,22018
1629131,22018
1629132,22018
1629133,22018
1629134,22018
1629136,22018
1629137,22018
1629139,22018
1629140,22018
1629142,22018
1629145,22018
1629146,22018
1629147,22018
1629148,22018
1629149,22018
1629150,22018
1629151,22018
1629152,22018
1629154,22018
1629155,22018
1629156,22018
1629159,22018
1629162,22018
1629163,22018
1629164,22018
1629165,22018
1629166,22018
1629167,22018
1629168,22018
1629184,22018
1629185,22018
1629186,22018
1629190,22018
1629203,22018
1629226,22018
1629232,22018
1629234,22018
1629236,22018
1629244,22018
1629245,22018
1629246,22018
1629260,22018
1629285,22018
1629312,22018
1629352,22018
1629353,22018
1629541,22018
1713,22019
2199,22019
2200,22019
2207,22019
2403,22019
2544,22019
2546,22019
2594,22019
2617,22019
2730,22019
2738,22019
2772,22019
101107,22019
101108,22019
101123,22019
101133,22019
101139,22019
101141,22019
101150,22019
200746,22019
200752,22019
200755,22019
200757,22019
200765,22019
200768,22019
200782,22019
200794,22019
200826,22019
201142,22019
201143,22019
201144,22019
201145,22019
201152,22019
201158,22019
201162,22019
201163,22019
201188,22019
201229,22019
201565,22019
201566,22019
201567,22019
201568,22019
201569,22019
201571,22019
201572,22019
201577,22019
201580,22019
201583,22019
201584,22019
201586,22019
201587,22019
201588,22019
201599,22019
201609,22019
201933,22019
201935,22019
201937,22019
201939,22019
201942,22019
201949,22019
201950,22019
201952,22019
201959,22019
201960,22019
201961,22019
201976,22019
201980,22019
201988,22019
202066,22019
202083,22019
202322,22019
202323,22019
202324,22019
202326,22019
202329,22019
202330,22019
202331,22019
202334,22019
202335,22019
202339,22019
202340,22019
202355,22019
202357,22019
202397,22019
202498,22019
202681,22019
202683,22019
202684,22019
202685,22019
202687,22019
202688,22019
202689,22019
202691,22019
202692,22019
202693,22019
202694,22019
202695,22019
202696,22019
202697,22019
202699,22019
202704,22019
202709,22019
202710,22019
202711,22019
202718,22019
202722,22019
202734,22019
202738,22019
202954,22019
203076,22019
203077,22019
203078,22019
203079,22019
203081,22019
203082,22019
203083,22019
203084,22019
203085,22019
203086,22019
203087,22019
203089,22019
203090,22019
203092,22019
203095,22019
203101,22019
203107,22019
203109,22019
203110,22019
203114,22019
203115,22019
203118,22019
203121,22019
203124,22019
203138,22019
203145,22019
203200,22019
203210,22019
203382,22019
203457,22019
203458,22019
203459,22019
203460,22019
203461,22019
203463,22019
203468,22019
203469,22019
203471,22019
203473,22019
203476,22019
203482,22019
203484,22019
203486,22019
203487,22019
203488,22019
203490,22019
203493,22019
203496,22019
203497,22019
203500,22019
203501,22019
203503,22019
203504,22019
203506,22019
203507,22019
203516,22019
203521,22019
203524,22019
203526,22019
203552,22019
203583,22019
203584,22019
203585,22019
203648,22019
203658,22019
203687,22019
203705,22019
203710,22019
203894,22019
203895,22019
203897,22019
203901,22019
203903,22019
203906,22019
203912,22019
203914,22019
203915,22019
203918,22019
203920,22019
203922,22019
203924,22019
203925,22019
203926,22019
203932,22019
203933,22019
203935,22019
203937,22019
203939,22019
203943,22019
203944,22019
203952,22019
203953,22019
203954,22019
203957,22019
203960,22019
203961,22019
203967,22019
203991,22019
203992,22019
203994,22019
203998,22019
203999,22019
204001,22019
204020,22019
204025,22019
204038,22019
204060,22019
204065,22019
204215,22019
204456,22019
1626143,22019
1626144,22019
1626145,22019
1626147,22019
1626149,22019
1626150,22019
1626153,22019
1626156,22019
1626157,22019
1626158,22019
1626159,22019
1626161,22019
1626162,22019
1626163,22019
1626164,22019
1626166,22019
1626167,22019
1626168,22019
1626169,22019
1626171,22019
1626172,22019
1626174,22019
1626178,22019
1626179,22019
1626181,22019
1626185,22019
1626187,22019
1626188,22019
1626192,22019
1626195,22019
1626196,22019
1626203,22019
1626204,22019
1626209,22019
1626220,22019
1626224,22019
1626245,22019
1626246,22019
1626259,22019
1626296,22019
1627215,22019
1627732,22019
1627733,22019
1627734,22019
1627736,22019
1627737,22019
1627739,22019
1627740,22019
1627741,22019
1627742,22019
1627743,22019
1627745,22019
1627746,22019
1627747,22019
1627748,22019
1627749,22019
1627750,22019
1627751,22019
1627752,22019
1627755,22019
1627756,22019
1627759,22019
1627761,22019
1627763,22019
1627767,22019
1627772,22019
1627774,22019
1627775,22019
1627776,22019
1627777,22019
1627783,22019
1627784,22019
1627788,22019
1627789,22019
1627790,22019
1627812,22019
1627814,22019
1627819,22019
1627820,22019
1627823,22019
1627826,22019
1627827,22019
1627832,22019
1627846,22019
1627853,22019
1627854,22019
1627858,22019
1627863,22019
1627883,22019
1627884,22019
1627885,22019
1627936,22019
1627982,22019
1627988,22019
1628021,22019
1628035,22019
1628365,22019
1628366,22019
1628367,22019
1628368,22019
1628369,22019
1628370,22019
1628371,22019
1628372,22019
1628373,22019
1628374,22019
1628378,22019
1628379,22019
1628380,22019
1628381,22019
1628382,22019
1628383,22019
1628384,22019
1628385,22019
1628386,22019
1628388,22019
1628389,22019
1628390,22019
1628391,22019
1628392,22019
1628394,22019
1628395,22019
1628396,22019
1628397,22019
1628398,22019
1628399,22019
1628400,22019
1628401,22019
1628402,22019
1628403,22019
1628404,22019
1628405,22019
1628407,22019
1628408,22019
1628410,22019
1628411,22019
1628412,22019
1628413,22019
1628414,22019
1628415,22019
1628417,22019
1628418,22019
1628420,22019
1628421,22019
1628422,22019
1628424,22019
1628425,22019
1628427,22019
1628430,22019
1628432,22019
1628436,22019
1628443,22019
1628448,22019
1628449,22019
1628450,22019
1628464,22019
1628467,22019
1628470,22019
1628476,22019
1628495,22019
1628499,22019
1628505,22019
1628506,22019
1628513,22019
1628518,22019
1628539,22019
1628578,22019
1628605,22019
1628769,22019
1628960,22019
1628961,22019
1628963,22019
1628964,22019
1628966,22019
1628967,22019
1628968,22019
1628969,22019
1628970,22019
1628971,22019
1628972,22019
1628973,22019
1628975,22019
1628976,22019
1628977,22019
1628978,22019
1628980,22019
1628981,22019
1628982,22019
1628983,22019
1628984,22019
1628985,22019
1628988,22019
1628989,22019
1628990,22019
1628991,22019
1628993,22019
1628995,22019
1628996,22019
1628997,22019
1628998,22019
1628999,22019
1629001,22019
1629002,22019
1629003,22019
1629004,22019
1629006,22019
1629008,22019
1629010,22019
1629011,22019
1629012,22019
1629013,22019
1629014,22019
1629015,22019
1629016,22019
1629017,22019
1629018,22019
1629019,22019
1629020,22019
1629021,22019
1629022,22019
1629023,22019
1629026,22019
1629027,22019
1629028,22019
1629029,22019
1629033,22019
1629034,22019
1629035,22019
1629044,22019
1629048,22019
1629052,22019
1629055,22019
1629056,22019
1629057,22019
1629058,22019
1629059,22019
1629060,22019
1629061,22019
1629065,22019
1629066,22019
1629067,22019
1629070,22019
1629076,22019
1629094,22019
1629097,22019
1629103,22019
1629109,22019
1629117,22019
1629118,22019
1629121,22019
1629122,22019
1629126,22019
1629129,22019
1629130,22019
1629133,22019
1629134,22019
1629139,22019
1629147,22019
1629151,22019
1629152,22019
1629162,22019
1629164,22019
1629168,22019
1629185,22019
1629203,22019
1629232,22019
1629234,22019
1629244,22019
1629270,22019
1629305,22019
1629308,22019
1629312,22019
1629346,22019
1629353,22019
1629594,22019
1629595,22019
1629597,22019
1629598,22019
1629599,22019
1629605,22019
1629606,22019
1629607,22019
1629608,22019
1629609,22019
1629610,22019
1629611,22019
1629612,22019
1629615,22019
1629616,22019
1629620,22019
1629621,22019
1629622,22019
1629623,22019
1629624,22019
1629625,22019
1629626,22019
1629627,22019
1629628,22019
1629629,22019
1629630,22019
1629631,22019
1629632,22019
1629633,22019
1629634,22019
1629635,22019
1629636,22019
1629637,22019
1629638,22019
1629639,22019
1629640,22019
1629641,22019
1629642,22019
1629644,22019
1629645,22019
1629647,22019
1629648,22019
1629649,22019
1629650,22019
1629651,22019
1629652,22019
1629655,22019
1629657,22019
1629658,22019
1629659,22019
1629660,22019
1629661,22019
1629662,22019
1629663,22019
1629664,22019
1629665,22019
1629667,22019
1629668,22019
1629669,22019
1629671,22019
1629672,22019
1629673,22019
1629675,22019
1629676,22019
1629677,22019
1629678,22019
1629679,22019
1629680,22019
1629682,22019
1629683,22019
1629684,22019
1629685,22019
1629689,22019
1629690,22019
1629713,22019
1629714,22019
1629715,22019
1629716,22019
1629717,22019
1629718,22019
1629719,22019
1629721,22019
1629722,22019
1629723,22019
1629724,22019
1629725,22019
1629726,22019
1629729,22019
1629730,22019
1629731,22019
1629734,22019
1629735,22019
1629738,22019
1629739,22019
1629740,22019
1629741,22019
1629742,22019
1629743,22019
1629744,22019
1629745,22019
1629746,22019
1629747,22019
1629749,22019
1629750,22019
1629751,22019
1629752,22019
1629753,22019
1629755,22019
1629756,22019
1629759,22019
1629777,22019
1629779,22019
1629786,22019
1629800,22019
1629806,22019
1629818,22019
1629819,22019
1629824,22019
1629825,22019
1629826,22019
1629833,22019
1629860,22019
1629956,22019
1629962,22019
1629967,22019
