PLAYER_ID,SEASON_YEAR
244,2010
255,2009
255,2010
255,2011
255,2012
283,2009
406,2009
406,2010
436,2009
436,2010
436,2011
436,2012
467,2009
467,2010
467,2011
467,2012
686,2009
686,2010
689,2009
689,2010
693,2009
693,2010
703,2009
703,2010
703,2011
703,2012
708,2009
708,2010
708,2011
708,2012
708,2013
708,2014
708,2015
711,2009
711,2010
711,2011
711,2012
714,2009
739,2009
739,2012
947,2009
948,2009
948,2010
948,2011
948,2012
951,2009
951,2010
951,2011
951,2012
951,2013
956,2009
956,2010
956,2011
959,2009
959,2010
959,2011
959,2012
959,2013
959,2014
965,2009
965,2010
965,2011
965,2012
965,2013
977,2009
977,2010
977,2011
977,2012
977,2013
977,2014
977,2015
978,2009
978,2010
979,2009
979,2010
979,2011
979,2012
979,2013
980,2009
980,2010
1088,2009
1088,2010
1112,2009
1112,2010
1112,2011
1495,2009
1495,2010
1495,2011
1495,2012
1495,2013
1495,2014
1495,2015
1497,2009
1497,2010
1497,2011
1497,2012
1497,2013
1498,2010
1499,2009
1499,2010
1499,2011
1501,2009
1502,2009
1503,2009
1503,2010
1503,2011
1503,2012
1515,2009
1515,2010
1515,2011
1533,2009
1536,2009
1536,2010
1536,2011
1536,2012
1536,2013
1563,2009
1630,2009
1630,2011
1710,2009
1710,2010
1710,2011
1712,2009
1712,2010
1712,2011
1712,2012
1712,2013
1713,2009
1713,2010
1713,2011
1713,2012
1713,2013
1713,2014
1713,2015
1713,2016
1713,2017
1713,2018
1713,2019
1715,2009
1715,2010
1716,2009
1716,2011
1717,2009
1717,2010
1717,2011
1717,2012
1717,2013
1717,2014
1717,2015
1717,2016
1717,2017
1717,2018
1718,2009
1718,2010
1718,2011
1718,2012
1718,2013
1718,2014
1718,2015
1718,2016
1719,2011
1725,2009
1729,2009
1730,2009
1730,2010
1730,2011
1733,2009
1733,2010
1733,2011
1733,2012
1733,2013
1737,2009
1737,2010
1737,2011
1737,2012
1737,2013
1737,2014
1737,2015
1740,2009
1740,2010
1740,2011
1740,2012
1740,2013
1747,2009
1752,2009
1752,2010
1763,2009
1766,2009
1802,2009
1802,2010
1802,2011
1853,2009
1853,2010
1853,2011
1853,2012
1863,2009
1863,2010
1863,2011
1882,2009
1882,2010
1882,2011
1882,2012
1882,2013
1882,2014
1882,2015
1882,2016
1884,2009
1884,2010
1884,2011
1885,2009
1885,2010
1885,2011
1885,2012
1886,2009
1888,2009
1888,2010
1888,2011
1888,2012
1889,2009
1889,2010
1889,2011
1889,2012
1889,2013
1889,2014
1889,2015
1890,2009
1890,2010
1890,2011
1890,2012
1890,2013
1890,2014
1891,2009
1891,2010
1891,2011
1891,2012
1891,2013
1891,2014
1891,2015
1891,2016
1891,2017
1894,2009
1894,2010
1894,2011
1894,2012
1894,2013
1897,2009
1897,2010
1897,2011
1897,2012
1897,2013
1897,2015
1897,2016
1899,2009
1899,2010
1902,2009
1902,2010
1902,2011
1903,2009
1903,2010
1904,2009
1905,2009
1905,2010
1905,2012
1905,2013
1905,2014
1913,2009
1922,2009
1922,2010
1922,2011
1938,2009
1938,2010
1938,2011
1938,2012
1938,2013
1938,2014
1938,2015
1938,2016
1938,2017
1952,2009
1952,2010
1952,2011
2030,2009
2030,2010
2030,2011
2030,2012
2030,2013
2030,2014
2032,2010
2034,2009
2034,2010
2034,2011
2034,2012
2034,2013
2034,2014
2034,2015
2034,2016
2037,2009
2037,2010
2037,2011
2037,2012
2037,2013
2037,2014
2037,2015
2037,2016
2037,2017
2037,2018
2038,2009
2038,2010
2038,2011
2038,2012
2039,2009
2039,2010
2039,2011
2039,2012
2041,2009
2041,2010
2045,2009
2045,2010
2045,2011
2045,2012
2045,2013
2045,2014
2046,2009
2047,2009
2047,2010
2047,2011
2047,2012
2048,2009
2048,2010
2048,2011
2049,2009
2050,2009
2050,2010
2052,2009
2052,2010
2052,2011
2052,2012
2056,2009
2059,2009
2059,2010
2059,2011
2060,2012
2060,2013
2063,2009
2063,2010
2067,2009
2067,2010
2072,2009
2072,2010
2072,2011
2073,2009
2073,2010
2073,2011
2078,2009
2078,2010
2109,2012
2124,2009
2124,2010
2137,2009
2137,2010
2137,2011
2198,2009
2198,2010
2198,2011
2198,2012
2198,2013
2199,2009
2199,2010
2199,2011
2199,2012
2199,2013
2199,2014
2199,2015
2199,2016
2199,2017
2199,2018
2199,2019
2200,2009
2200,2010
2200,2011
2200,2012
2200,2013
2200,2014
2200,2015
2200,2016
2200,2017
2200,2018
2200,2019
2201,2009
2201,2011
2201,2012
2202,2009
2202,2010
2202,2011
2202,2012
2202,2013
2202,2014
2203,2009
2203,2010
2203,2011
2203,2012
2203,2013
2205,2009
2205,2010
2205,2011
2205,2012
2205,2013
2207,2009
2207,2010
2207,2011
2207,2012
2207,2013
2207,2014
2207,2015
2207,2016
2207,2017
2207,2019
2209,2009
2209,2010
2209,2011
2209,2012
2210,2009
2210,2010
2210,2011
2210,2012
2210,2013
2210,2014
2210,2015
2210,2016
2210,2017
2211,2009
2211,2010
2211,2011
2211,2012
2212,2009
2215,2009
2215,2010
2215,2011
2215,2012
2215,2013
2216,2009
2216,2010
2216,2011
2216,2012
2216,2013
2216,2014
2216,2015
2216,2016
2216,2017
2216,2018
2217,2009
2217,2010
2217,2011
2217,2012
2217,2014
2222,2009
2222,2010
2222,2011
2222,2012
2222,2013
2222,2014
2223,2009
2223,2010
2223,2011
2223,2012
2223,2013
2223,2014
2223,2015
2224,2009
2224,2011
2224,2012
2224,2013
2225,2009
2225,2010
2225,2011
2225,2012
2225,2013
2225,2014
2225,2015
2225,2016
2225,2017
2225,2018
2229,2009
2229,2011
2229,2012
2229,2013
2230,2009
2230,2010
2230,2011
2239,2009
2240,2009
2240,2010
2240,2011
2243,2009
2243,2010
2243,2011
2246,2009
2246,2010
2246,2011
2248,2009
2248,2010
2248,2011
2248,2012
2248,2013
2250,2009
2250,2010
2250,2011
2254,2010
2260,2009
2260,2010
2294,2009
2294,2010
2306,2009
2306,2010
2365,2009
2365,2010
2365,2011
2365,2012
2365,2013
2365,2014
2365,2015
2365,2016
2366,2009
2397,2010
2399,2009
2399,2010
2399,2011
2399,2012
2399,2013
2399,2014
2399,2015
2399,2016
2400,2009
2400,2010
2400,2011
2400,2012
2400,2013
2400,2014
2400,2015
2401,2015
2403,2009
2403,2010
2403,2011
2403,2012
2403,2013
2403,2014
2403,2015
2403,2016
2403,2017
2403,2018
2403,2019
2404,2009
2404,2010
2404,2011
2404,2012
2405,2009
2405,2010
2405,2011
2405,2012
2405,2013
2405,2014
2405,2015
2406,2009
2406,2010
2406,2011
2406,2012
2406,2013
2406,2014
2406,2015
2407,2009
2407,2010
2407,2011
2407,2012
2408,2009
2408,2010
2408,2011
2408,2013
2409,2009
2413,2009
2416,2009
2419,2009
2419,2010
2419,2011
2419,2012
2419,2013
2419,2014
2419,2015
2420,2009
2420,2010
2422,2009
2422,2010
2422,2011
2422,2012
2422,2013
2422,2014
2424,2009
2427,2009
2427,2010
2427,2011
2427,2012
2427,2013
2429,2009
2429,2010
2429,2011
2429,2013
2430,2009
2430,2010
2430,2011
2430,2012
2430,2013
2430,2014
2431,2009
2431,2010
2431,2011
2436,2009
2436,2012
2440,2009
2440,2010
2440,2011
2440,2012
2440,2013
2440,2014
2440,2015
2440,2016
2441,2011
2443,2009
2443,2010
2446,2009
2446,2010
2446,2011
2446,2013
2446,2014
2446,2015
2446,2016
2449,2009
2449,2010
2449,2011
2449,2012
2449,2013
2449,2014
2449,2015
2449,2016
2457,2009
2457,2011
2457,2012
2457,2013
2457,2014
2484,2009
2501,2009
2501,2010
2501,2011
2501,2012
2501,2013
2501,2014
2544,2009
2544,2010
2544,2011
2544,2012
2544,2013
2544,2014
2544,2015
2544,2016
2544,2017
2544,2018
2544,2019
2545,2009
2545,2010
2545,2011
2545,2012
2546,2009
2546,2010
2546,2011
2546,2012
2546,2013
2546,2014
2546,2015
2546,2016
2546,2017
2546,2018
2546,2019
2547,2009
2547,2010
2547,2011
2547,2012
2547,2013
2547,2014
2547,2015
2547,2016
2548,2009
2548,2010
2548,2011
2548,2012
2548,2013
2548,2014
2548,2015
2548,2016
2548,2017
2548,2018
2549,2009
2549,2010
2549,2011
2549,2012
2549,2013
2549,2014
2549,2015
2550,2009
2550,2010
2550,2011
2550,2012
2550,2013
2550,2014
2550,2015
2551,2009
2551,2010
2551,2011
2552,2009
2552,2011
2553,2009
2554,2009
2554,2010
2554,2011
2554,2012
2555,2009
2555,2010
2555,2011
2555,2012
2555,2013
2555,2014
2555,2015
2555,2016
2555,2017
2556,2009
2556,2010
2557,2009
2557,2010
2557,2011
2557,2012
2557,2013
2557,2014
2561,2009
2561,2010
2561,2011
2561,2012
2561,2013
2561,2014
2561,2015
2561,2016
2561,2017
2562,2009
2562,2010
2562,2011
2562,2012
2563,2009
2563,2010
2563,2011
2563,2012
2563,2014
2563,2015
2563,2016
2564,2009
2564,2010
2564,2011
2564,2012
2564,2013
2564,2014
2564,2015
2564,2016
2566,2009
2566,2010
2566,2011
2566,2012
2566,2013
2566,2014
2567,2009
2567,2010
2567,2011
2567,2012
2567,2013
2567,2014
2568,2009
2568,2010
2568,2011
2568,2012
2570,2009
2570,2010
2570,2011
2570,2012
2570,2013
2570,2014
2570,2015
2570,2017
2571,2009
2571,2010
2571,2011
2571,2012
2571,2013
2571,2014
2571,2015
2571,2016
2572,2009
2572,2010
2572,2011
2572,2012
2574,2009
2574,2010
2574,2011
2574,2014
2575,2009
2575,2010
2575,2011
2575,2012
2581,2009
2581,2010
2581,2011
2581,2012
2581,2013
2581,2014
2581,2015
2584,2009
2584,2010
2584,2011
2584,2012
2584,2013
2584,2014
2585,2009
2585,2010
2585,2011
2585,2012
2585,2013
2585,2014
2585,2015
2585,2016
2585,2017
2585,2018
2586,2009
2586,2010
2586,2011
2586,2012
2586,2013
2586,2014
2588,2009
2588,2010
2588,2011
2588,2012
2588,2013
2588,2014
2588,2015
2590,2009
2590,2010
2590,2011
2590,2012
2590,2013
2590,2014
2590,2015
2592,2009
2592,2010
2592,2011
2592,2012
2592,2013
2592,2014
2592,2015
2592,2016
2594,2009
2594,2010
2594,2011
2594,2012
2594,2013
2594,2014
2594,2015
2594,2016
2594,2017
2594,2018
2594,2019
2596,2011
2605,2009
2605,2010
2605,2011
2605,2012
2617,2009
2617,2010
2617,2011
2617,2012
2617,2013
2617,2014
2617,2015
2617,2016
2617,2017
2617,2018
2617,2019
2624,2009
2624,2010
2632,2010
2648,2009
2648,2010
2648,2012
2668,2010
2668,2011
2669,2009
2679,2009
2679,2010
2679,2011
2679,2012
2694,2009
2694,2010
2694,2012
2694,2013
2694,2014
2694,2015
2730,2009
2730,2010
2730,2011
2730,2012
2730,2013
2730,2014
2730,2015
2730,2016
2730,2017
2730,2018
2730,2019
2731,2009
2731,2010
2731,2011
2731,2012
2731,2017
2731,2018
2732,2009
2732,2010
2732,2011
2732,2012
2732,2013
2732,2014
2732,2015
2733,2009
2733,2010
2733,2011
2733,2012
2733,2013
2733,2014
2733,2015
2733,2016
2733,2017
2733,2018
2734,2009
2734,2010
2734,2011
2734,2012
2734,2013
2734,2014
2734,2015
2734,2016
2734,2017
2734,2018
2735,2010
2735,2011
2735,2012
2735,2013
2735,2017
2736,2009
2736,2010
2736,2011
2736,2012
2736,2013
2736,2014
2736,2015
2736,2016
2736,2017
2736,2018
2738,2009
2738,2010
2738,2011
2738,2012
2738,2013
2738,2014
2738,2015
2738,2016
2738,2017
2738,2018
2738,2019
2739,2010
2740,2009
2740,2010
2740,2011
2740,2012
2740,2013
2742,2009
2742,2010
2742,2011
2742,2012
2742,2014
2743,2009
2743,2010
2743,2011
2743,2012
2743,2013
2743,2014
2743,2015
2743,2016
2743,2017
2744,2009
2744,2010
2744,2011
2744,2012
2744,2013
2744,2014
2744,2015
2744,2016
2744,2017
2746,2009
2746,2010
2746,2011
2746,2012
2746,2013
2746,2014
2746,2015
2746,2017
2747,2009
2747,2010
2747,2011
2747,2012
2747,2013
2747,2014
2747,2015
2747,2016
2747,2017
2747,2018
2748,2009
2748,2010
2748,2011
2748,2012
2748,2013
2748,2014
2748,2015
2748,2016
2749,2009
2749,2010
2749,2011
2749,2012
2749,2013
2749,2014
2749,2015
2749,2016
2749,2017
2753,2009
2753,2010
2753,2011
2753,2012
2754,2009
2754,2010
2754,2011
2754,2012
2754,2013
2754,2014
2754,2015
2754,2016
2754,2017
2755,2009
2755,2010
2755,2011
2755,2012
2755,2013
2755,2014
2755,2015
2756,2009
2756,2010
2756,2013
2756,2015
2756,2016
2757,2009
2757,2010
2757,2011
2757,2012
2757,2013
2757,2014
2757,2015
2757,2016
2757,2017
2760,2009
2760,2010
2760,2011
2760,2012
2760,2013
2760,2014
2760,2015
2760,2016
2765,2011
2765,2012
2767,2009
2767,2010
2767,2011
2767,2012
2767,2013
2768,2009
2768,2010
2768,2011
2768,2012
2772,2009
2772,2010
2772,2011
2772,2012
2772,2013
2772,2014
2772,2015
2772,2016
2772,2017
2772,2018
2772,2019
2773,2011
2788,2009
2788,2010
2788,2014
2804,2009
2804,2010
2804,2011
2853,2009
2853,2010
2853,2011
2853,2012
2853,2014
2853,2015
2857,2009
2857,2013
2863,2009
2863,2010
2863,2011
2863,2012
2863,2013
2863,2015
2863,2017
2876,2009
101106,2009
101106,2010
101106,2011
101106,2012
101106,2013
101106,2014
101106,2015
101106,2016
101106,2017
101106,2018
101107,2009
101107,2010
101107,2011
101107,2012
101107,2013
101107,2014
101107,2015
101107,2016
101107,2017
101107,2018
101107,2019
101108,2009
101108,2010
101108,2011
101108,2012
101108,2013
101108,2014
101108,2015
101108,2016
101108,2017
101108,2018
101108,2019
101109,2009
101109,2010
101109,2011
101109,2012
101109,2013
101109,2014
101109,2015
101109,2016
101109,2017
101109,2018
101110,2009
101110,2010
101110,2011
101110,2012
101110,2013
101110,2014
101110,2015
101111,2009
101111,2010
101111,2011
101111,2012
101111,2013
101111,2014
101111,2015
101112,2009
101112,2010
101112,2011
101112,2013
101112,2014
101112,2015
101112,2016
101112,2017
101112,2018
101113,2010
101113,2011
101113,2012
101113,2013
101114,2009
101114,2010
101114,2011
101114,2012
101114,2013
101114,2014
101114,2015
101114,2016
101115,2009
101115,2010
101115,2011
101115,2013
101118,2009
101120,2009
101120,2010
101121,2009
101121,2010
101122,2009
101122,2010
101122,2011
101122,2012
101122,2013
101122,2014
101122,2015
101123,2011
101123,2012
101123,2013
101123,2014
101123,2015
101123,2016
101123,2017
101123,2018
101123,2019
101124,2009
101124,2010
101124,2011
101124,2012
101126,2009
101126,2010
101126,2011
101126,2012
101126,2013
101126,2014
101126,2015
101127,2009
101127,2010
101127,2011
101127,2012
101127,2013
101127,2014
101127,2015
101127,2016
101127,2017
101127,2018
101128,2009
101128,2010
101128,2011
101128,2012
101128,2013
101128,2014
101129,2009
101129,2010
101130,2009
101130,2010
101130,2011
101130,2012
101131,2009
101131,2010
101131,2011
101131,2012
101131,2013
101131,2014
101132,2010
101132,2011
101132,2012
101133,2009
101133,2010
101133,2011
101133,2012
101133,2013
101133,2014
101133,2015
101133,2016
101133,2017
101133,2018
101133,2019
101135,2009
101135,2010
101135,2011
101135,2012
101135,2013
101135,2014
101135,2015
101135,2016
101138,2009
101138,2010
101138,2011
101138,2012
101138,2013
101138,2014
101138,2015
101138,2016
101139,2009
101139,2010
101139,2011
101139,2012
101139,2013
101139,2014
101139,2015
101139,2016
101139,2017
101139,2018
101139,2019
101141,2009
101141,2010
101141,2011
101141,2012
101141,2013
101141,2014
101141,2015
101141,2016
101141,2017
101141,2018
101141,2019
101142,2009
101142,2010
101142,2011
101142,2012
101142,2013
101142,2014
101143,2009
101144,2009
101144,2010
101144,2011
101145,2009
101145,2010
101145,2011
101145,2012
101145,2013
101145,2014
101145,2015
101145,2016
101146,2009
101150,2009
101150,2010
101150,2011
101150,2012
101150,2013
101150,2014
101150,2015
101150,2016
101150,2017
101150,2018
101150,2019
101153,2009
101153,2012
101154,2009
101154,2010
101154,2011
101154,2012
101154,2013
101155,2009
101155,2010
101155,2011
101155,2013
101158,2010
101158,2012
101160,2009
101161,2009
101161,2010
101161,2011
101161,2012
101161,2013
101161,2014
101161,2015
101161,2016
101161,2017
101161,2018
101162,2009
101162,2010
101162,2011
101162,2012
101162,2013
101162,2014
101162,2015
101162,2016
101162,2017
101162,2018
101177,2009
101177,2010
101179,2009
101179,2010
101179,2011
101179,2012
101179,2013
101179,2014
101179,2015
101179,2016
101181,2009
101181,2010
101181,2011
101181,2012
101181,2013
101181,2014
101181,2015
101181,2016
101181,2017
101181,2018
101183,2009
101183,2010
101183,2012
101183,2013
101183,2014
101187,2011
101187,2012
101187,2013
101187,2014
101187,2015
101187,2016
101189,2009
101189,2011
101194,2009
101198,2009
101198,2010
101198,2011
101198,2012
101198,2013
101198,2014
101198,2016
101204,2009
101204,2010
101204,2012
101204,2013
101208,2009
101209,2009
101209,2011
101211,2009
101211,2010
101211,2011
101211,2013
101214,2009
101214,2010
101215,2009
101215,2012
101217,2013
101223,2009
101223,2010
101232,2010
101235,2009
101235,2011
101235,2012
101236,2009
101236,2010
101236,2011
101236,2012
101236,2013
101236,2014
101236,2015
101249,2009
101249,2010
101249,2011
101249,2012
101249,2013
101249,2014
101249,2015
101249,2016
162777,2017
200081,2009
200081,2010
200081,2011
200575,2009
200745,2009
200745,2010
200745,2011
200745,2012
200745,2013
200745,2014
200745,2015
200746,2009
200746,2010
200746,2011
200746,2012
200746,2013
200746,2014
200746,2015
200746,2016
200746,2017
200746,2018
200746,2019
200747,2009
200747,2010
200747,2012
200748,2009
200748,2010
200748,2011
200748,2012
200748,2014
200749,2009
200749,2010
200749,2011
200750,2009
200750,2010
200750,2012
200751,2009
200751,2010
200751,2011
200751,2012
200751,2013
200751,2014
200751,2015
200751,2016
200752,2009
200752,2010
200752,2011
200752,2012
200752,2013
200752,2014
200752,2015
200752,2016
200752,2017
200752,2018
200752,2019
200753,2009
200753,2013
200755,2009
200755,2010
200755,2011
200755,2012
200755,2013
200755,2014
200755,2015
200755,2016
200755,2017
200755,2018
200755,2019
200756,2009
200756,2010
200756,2013
200757,2009
200757,2010
200757,2011
200757,2012
200757,2013
200757,2014
200757,2015
200757,2016
200757,2017
200757,2018
200757,2019
200758,2009
200758,2010
200758,2011
200758,2012
200758,2013
200760,2009
200760,2010
200760,2012
200761,2009
200761,2010
200761,2011
200761,2013
200761,2014
200762,2009
200762,2015
200763,2009
200764,2009
200764,2010
200764,2011
200764,2013
200765,2009
200765,2010
200765,2011
200765,2012
200765,2013
200765,2014
200765,2015
200765,2016
200765,2017
200765,2018
200765,2019
200766,2009
200766,2017
200767,2009
200768,2009
200768,2010
200768,2011
200768,2012
200768,2013
200768,2014
200768,2015
200768,2016
200768,2017
200768,2018
200768,2019
200769,2009
200769,2010
200769,2011
200769,2012
200769,2013
200769,2014
200770,2009
200770,2010
200770,2011
200770,2013
200770,2014
200770,2015
200770,2016
200771,2009
200771,2016
200772,2010
200776,2009
200777,2012
200777,2013
200777,2014
200778,2009
200778,2012
200779,2009
200779,2010
200779,2011
200779,2012
200779,2013
200779,2014
200779,2015
200779,2016
200780,2009
200780,2010
200780,2011
200780,2012
200780,2013
200780,2014
200781,2009
200782,2012
200782,2013
200782,2014
200782,2015
200782,2016
200782,2017
200782,2018
200782,2019
200783,2009
200783,2010
200783,2011
200789,2009
200789,2010
200789,2011
200789,2012
200792,2009
200792,2010
200793,2010
200794,2009
200794,2010
200794,2011
200794,2012
200794,2013
200794,2014
200794,2015
200794,2016
200794,2017
200794,2018
200794,2019
200796,2009
200796,2010
200797,2009
200797,2010
200797,2011
200797,2012
200797,2013
200797,2014
200797,2015
200807,2009
200809,2009
200809,2010
200809,2012
200811,2009
200811,2010
200811,2011
200811,2012
200811,2013
200811,2014
200811,2015
200811,2016
200813,2009
200814,2012
200817,2010
200821,2009
200821,2015
200822,2009
200822,2010
200822,2013
200826,2009
200826,2010
200826,2011
200826,2012
200826,2013
200826,2014
200826,2015
200826,2016
200826,2017
200826,2018
200826,2019
200839,2009
200839,2010
200839,2012
200839,2013
200847,2009
200852,2011
200894,2011
200894,2012
200918,2009
200971,2009
200984,2010
201041,2011
201041,2012
201043,2009
201141,2009
201141,2010
201141,2013
201142,2009
201142,2010
201142,2011
201142,2012
201142,2013
201142,2014
201142,2015
201142,2016
201142,2017
201142,2018
201142,2019
201143,2009
201143,2010
201143,2011
201143,2012
201143,2013
201143,2014
201143,2015
201143,2016
201143,2017
201143,2018
201143,2019
201144,2009
201144,2010
201144,2011
201144,2012
201144,2013
201144,2014
201144,2015
201144,2016
201144,2017
201144,2018
201144,2019
201145,2009
201145,2010
201145,2012
201145,2013
201145,2014
201145,2015
201145,2016
201145,2017
201145,2018
201145,2019
201146,2009
201146,2010
201146,2011
201146,2016
201147,2009
201147,2010
201147,2011
201147,2012
201147,2013
201147,2014
201147,2015
201147,2016
201147,2017
201147,2018
201148,2010
201148,2011
201148,2012
201148,2013
201148,2014
201148,2015
201148,2016
201148,2017
201149,2009
201149,2010
201149,2011
201149,2012
201149,2013
201149,2014
201149,2015
201149,2016
201149,2017
201149,2018
201150,2009
201150,2010
201150,2011
201150,2012
201150,2013
201150,2014
201150,2015
201150,2016
201151,2009
201151,2010
201152,2009
201152,2010
201152,2011
201152,2012
201152,2013
201152,2014
201152,2015
201152,2016
201152,2017
201152,2018
201152,2019
201153,2009
201153,2010
201154,2009
201154,2010
201155,2009
201155,2010
201155,2011
201155,2012
201155,2013
201155,2014
201155,2015
201155,2016
201156,2009
201156,2010
201156,2011
201156,2012
201156,2013
201156,2014
201156,2015
201156,2016
201156,2017
201156,2018
201157,2009
201157,2011
201158,2009
201158,2010
201158,2011
201158,2012
201158,2013
201158,2014
201158,2015
201158,2016
201158,2017
201158,2018
201158,2019
201159,2009
201159,2010
201160,2009
201160,2010
201160,2011
201160,2012
201160,2013
201160,2014
201160,2015
201160,2016
201160,2017
201160,2018
201161,2009
201161,2010
201161,2011
201161,2012
201162,2009
201162,2010
201162,2011
201162,2012
201162,2013
201162,2014
201162,2015
201162,2016
201162,2017
201162,2018
201162,2019
201163,2009
201163,2010
201163,2011
201163,2012
201163,2013
201163,2014
201163,2015
201163,2016
201163,2017
201163,2018
201163,2019
201164,2009
201164,2010
201164,2011
201165,2009
201165,2011
201166,2009
201166,2010
201166,2012
201166,2013
201166,2014
201166,2015
201166,2016
201166,2017
201167,2009
201167,2010
201167,2011
201167,2012
201167,2013
201167,2014
201167,2015
201167,2016
201167,2017
201168,2010
201168,2011
201168,2012
201168,2013
201168,2014
201168,2015
201168,2016
201169,2009
201169,2012
201171,2009
201171,2010
201171,2011
201171,2012
201171,2013
201171,2014
201171,2015
201173,2009
201173,2014
201175,2009
201175,2010
201175,2011
201175,2012
201175,2013
201175,2014
201177,2009
201177,2010
201177,2011
201177,2012
201177,2013
201177,2014
201177,2015
201177,2016
201177,2017
201178,2009
201178,2010
201178,2011
201178,2012
201178,2014
201181,2009
201182,2009
201182,2011
201183,2010
201186,2010
201187,2009
201187,2010
201187,2011
201187,2012
201187,2013
201188,2009
201188,2010
201188,2011
201188,2012
201188,2013
201188,2014
201188,2015
201188,2016
201188,2017
201188,2018
201188,2019
201189,2009
201189,2010
201189,2011
201189,2012
201189,2013
201189,2014
201191,2009
201191,2011
201193,2009
201193,2010
201196,2009
201196,2010
201196,2011
201196,2012
201196,2013
201196,2014
201196,2015
201196,2016
201196,2017
201199,2010
201202,2009
201202,2010
201202,2011
201202,2012
201202,2013
201202,2014
201202,2015
201202,2016
201202,2017
201203,2009
201203,2010
201203,2013
201207,2009
201207,2012
201208,2009
201208,2010
201208,2011
201225,2009
201228,2009
201228,2010
201228,2011
201228,2012
201228,2013
201228,2014
201228,2015
201228,2016
201229,2009
201229,2010
201229,2011
201229,2012
201229,2013
201229,2014
201229,2015
201229,2016
201229,2017
201229,2018
201229,2019
201230,2011
201234,2010
201234,2011
201234,2014
201235,2009
201238,2009
201238,2010
201242,2009
201266,2011
201274,2011
201274,2012
201274,2014
201281,2017
201281,2018
201286,2011
201286,2013
201286,2016
201291,2011
201291,2012
201336,2011
201336,2012
201351,2013
201446,2009
201563,2009
201563,2010
201563,2011
201563,2012
201563,2013
201563,2014
201563,2015
201563,2016
201563,2017
201563,2018
201564,2009
201564,2010
201564,2011
201564,2012
201564,2013
201564,2014
201564,2015
201565,2009
201565,2010
201565,2011
201565,2013
201565,2014
201565,2015
201565,2016
201565,2017
201565,2018
201565,2019
201566,2009
201566,2010
201566,2011
201566,2012
201566,2013
201566,2014
201566,2015
201566,2016
201566,2017
201566,2018
201566,2019
201567,2009
201567,2010
201567,2011
201567,2012
201567,2013
201567,2014
201567,2015
201567,2016
201567,2017
201567,2018
201567,2019
201568,2009
201568,2010
201568,2011
201568,2012
201568,2013
201568,2014
201568,2015
201568,2016
201568,2017
201568,2018
201568,2019
201569,2009
201569,2010
201569,2011
201569,2012
201569,2013
201569,2014
201569,2015
201569,2016
201569,2017
201569,2018
201569,2019
201570,2009
201570,2010
201571,2009
201571,2010
201571,2011
201571,2012
201571,2013
201571,2014
201571,2015
201571,2016
201571,2017
201571,2018
201571,2019
201572,2009
201572,2010
201572,2011
201572,2012
201572,2013
201572,2014
201572,2015
201572,2016
201572,2017
201572,2018
201572,2019
201573,2009
201573,2010
201573,2011
201573,2012
201573,2013
201573,2014
201573,2015
201573,2016
201573,2017
201573,2018
201574,2009
201574,2010
201574,2011
201574,2012
201574,2013
201574,2014
201574,2015
201575,2009
201575,2010
201575,2011
201575,2012
201575,2013
201575,2014
201575,2015
201575,2016
201575,2017
201576,2009
201576,2010
201576,2011
201576,2012
201576,2013
201577,2009
201577,2010
201577,2011
201577,2012
201577,2013
201577,2014
201577,2015
201577,2016
201577,2017
201577,2018
201577,2019
201578,2009
201578,2010
201578,2011
201578,2012
201578,2013
201578,2014
201578,2015
201578,2016
201578,2017
201579,2009
201579,2010
201579,2011
201579,2012
201579,2013
201579,2014
201579,2015
201579,2016
201580,2009
201580,2010
201580,2011
201580,2012
201580,2013
201580,2014
201580,2015
201580,2016
201580,2017
201580,2018
201580,2019
201581,2009
201581,2010
201581,2011
201581,2012
201581,2013
201581,2014
201581,2015
201582,2009
201582,2010
201582,2013
201582,2014
201582,2015
201582,2016
201582,2017
201582,2018
201583,2009
201583,2010
201583,2011
201583,2012
201583,2013
201583,2014
201583,2015
201583,2016
201583,2017
201583,2018
201583,2019
201584,2009
201584,2010
201584,2011
201584,2012
201584,2013
201584,2014
201584,2015
201584,2016
201584,2017
201584,2018
201584,2019
201585,2009
201585,2010
201585,2011
201585,2012
201585,2013
201585,2014
201585,2015
201585,2016
201585,2017
201585,2018
201586,2009
201586,2010
201586,2011
201586,2012
201586,2013
201586,2014
201586,2015
201586,2016
201586,2017
201586,2018
201586,2019
201587,2009
201587,2010
201587,2011
201587,2012
201587,2013
201587,2014
201587,2015
201587,2016
201587,2017
201587,2018
201587,2019
201588,2009
201588,2010
201588,2011
201588,2012
201588,2013
201588,2014
201588,2015
201588,2016
201588,2017
201588,2018
201588,2019
201589,2009
201589,2010
201589,2011
201589,2012
201589,2013
201589,2014
201589,2015
201589,2016
201589,2017
201589,2018
201590,2009
201590,2010
201590,2011
201590,2012
201591,2009
201591,2010
201591,2011
201591,2012
201591,2013
201592,2009
201593,2010
201593,2011
201593,2012
201593,2013
201593,2014
201593,2015
201593,2016
201594,2011
201595,2009
201595,2010
201595,2014
201596,2009
201596,2010
201596,2011
201596,2012
201596,2013
201596,2014
201596,2015
201596,2017
201599,2009
201599,2010
201599,2011
201599,2012
201599,2013
201599,2014
201599,2015
201599,2016
201599,2017
201599,2018
201599,2019
201600,2010
201600,2011
201600,2012
201600,2013
201600,2014
201600,2015
201600,2016
201600,2017
201600,2018
201601,2009
201601,2010
201601,2011
201601,2012
201601,2013
201601,2014
201601,2015
201601,2016
201601,2017
201601,2018
201602,2009
201602,2010
201602,2012
201603,2009
201603,2010
201603,2015
201604,2009
201604,2010
201604,2012
201604,2013
201604,2014
201604,2015
201605,2009
201606,2009
201607,2010
201609,2009
201609,2010
201609,2011
201609,2012
201609,2013
201609,2014
201609,2015
201609,2016
201609,2017
201609,2018
201609,2019
201610,2010
201610,2012
201611,2009
201611,2010
201611,2011
201611,2014
201612,2009
201616,2009
201616,2010
201616,2012
201619,2015
201620,2010
201621,2009
201621,2010
201622,2009
201623,2010
201623,2011
201627,2009
201627,2010
201627,2011
201627,2012
201627,2013
201627,2014
201627,2015
201627,2016
201627,2017
201628,2009
201628,2016
201628,2017
201629,2009
201632,2009
201632,2010
201632,2011
201632,2012
201633,2009
201633,2012
201635,2013
201645,2009
201645,2010
201645,2015
201646,2009
201647,2011
201648,2009
201649,2010
201651,2012
201776,2009
201781,2009
201785,2009
201785,2010
201785,2012
201785,2013
201792,2011
201802,2009
201805,2009
201814,2010
201814,2011
201814,2012
201814,2013
201820,2011
201821,2009
201821,2012
201831,2009
201834,2009
201848,2010
201858,2009
201858,2010
201858,2011
201858,2012
201858,2013
201858,2014
201858,2015
201880,2011
201880,2012
201880,2013
201880,2014
201880,2015
201880,2016
201933,2009
201933,2010
201933,2011
201933,2012
201933,2013
201933,2014
201933,2015
201933,2016
201933,2017
201933,2018
201933,2019
201934,2009
201934,2010
201934,2011
201934,2012
201934,2013
201934,2014
201935,2009
201935,2010
201935,2011
201935,2012
201935,2013
201935,2014
201935,2015
201935,2016
201935,2017
201935,2018
201935,2019
201936,2009
201936,2010
201936,2011
201936,2012
201936,2013
201936,2014
201936,2015
201936,2016
201936,2017
201936,2018
201937,2011
201937,2012
201937,2013
201937,2014
201937,2015
201937,2016
201937,2017
201937,2018
201937,2019
201938,2009
201938,2010
201938,2011
201938,2012
201939,2009
201939,2010
201939,2011
201939,2012
201939,2013
201939,2014
201939,2015
201939,2016
201939,2017
201939,2018
201939,2019
201941,2009
201941,2010
201941,2011
201941,2012
201941,2013
201941,2014
201941,2015
201941,2016
201942,2009
201942,2010
201942,2011
201942,2012
201942,2013
201942,2014
201942,2015
201942,2016
201942,2017
201942,2018
201942,2019
201943,2009
201943,2010
201943,2011
201943,2012
201943,2013
201943,2014
201943,2015
201943,2016
201943,2017
201944,2009
201944,2010
201944,2011
201944,2012
201945,2009
201945,2010
201945,2011
201945,2012
201945,2013
201945,2014
201945,2015
201945,2016
201946,2009
201946,2010
201946,2011
201946,2012
201946,2013
201946,2014
201946,2015
201947,2009
201947,2010
201947,2011
201947,2012
201947,2013
201947,2014
201948,2009
201948,2010
201948,2011
201948,2012
201948,2013
201948,2014
201948,2015
201949,2009
201949,2010
201949,2011
201949,2012
201949,2013
201949,2014
201949,2015
201949,2016
201949,2017
201949,2018
201949,2019
201950,2009
201950,2010
201950,2011
201950,2012
201950,2013
201950,2014
201950,2015
201950,2016
201950,2017
201950,2018
201950,2019
201951,2009
201951,2010
201951,2011
201951,2012
201951,2013
201951,2014
201951,2015
201951,2016
201951,2017
201952,2009
201952,2010
201952,2011
201952,2012
201952,2013
201952,2014
201952,2015
201952,2016
201952,2017
201952,2018
201952,2019
201953,2009
201953,2010
201953,2011
201953,2012
201953,2013
201954,2009
201954,2010
201954,2011
201954,2012
201954,2013
201954,2014
201954,2015
201954,2016
201954,2017
201954,2018
201956,2009
201956,2010
201956,2011
201956,2012
201956,2013
201956,2014
201956,2015
201956,2016
201956,2017
201956,2018
201957,2009
201957,2010
201957,2011
201957,2012
201957,2013
201958,2009
201958,2010
201958,2011
201958,2012
201959,2009
201959,2010
201959,2011
201959,2012
201959,2013
201959,2014
201959,2015
201959,2016
201959,2017
201959,2018
201959,2019
201960,2009
201960,2010
201960,2011
201960,2012
201960,2013
201960,2014
201960,2015
201960,2016
201960,2017
201960,2018
201960,2019
201961,2009
201961,2010
201961,2011
201961,2012
201961,2013
201961,2014
201961,2015
201961,2016
201961,2017
201961,2018
201961,2019
201962,2009
201962,2010
201962,2011
201962,2012
201962,2013
201962,2014
201962,2015
201962,2016
201963,2010
201963,2011
201964,2012
201964,2013
201964,2014
201965,2009
201965,2010
201965,2011
201965,2012
201965,2013
201965,2014
201965,2015
201966,2009
201966,2010
201966,2012
201966,2013
201967,2009
201967,2010
201967,2011
201967,2012
201967,2013
201967,2014
201967,2015
201967,2016
201967,2017
201967,2018
201969,2009
201969,2010
201969,2011
201969,2012
201969,2015
201970,2009
201970,2010
201970,2011
201970,2012
201971,2009
201971,2010
201971,2011
201971,2012
201971,2013
201971,2014
201971,2015
201972,2009
201972,2010
201972,2011
201973,2009
201973,2010
201973,2011
201973,2012
201973,2013
201973,2014
201973,2015
201973,2016
201973,2017
201973,2018
201974,2009
201974,2010
201974,2011
201974,2012
201975,2009
201975,2010
201975,2011
201975,2012
201975,2013
201975,2014
201975,2015
201975,2016
201975,2017
201975,2018
201976,2010
201976,2012
201976,2013
201976,2014
201976,2015
201976,2016
201976,2017
201976,2018
201976,2019
201977,2009
201977,2010
201977,2011
201977,2012
201977,2013
201977,2014
201977,2015
201977,2016
201978,2009
201978,2010
201978,2011
201978,2012
201978,2013
201978,2014
201978,2015
201978,2016
201979,2013
201979,2014
201980,2009
201980,2010
201980,2011
201980,2012
201980,2013
201980,2014
201980,2015
201980,2016
201980,2017
201980,2018
201980,2019
201981,2009
201981,2011
201983,2009
201985,2009
201985,2010
201985,2011
201985,2012
201985,2013
201985,2014
201986,2012
201986,2013
201988,2009
201988,2010
201988,2011
201988,2012
201988,2013
201988,2014
201988,2015
201988,2016
201988,2017
201988,2018
201988,2019
201991,2009
201991,2010
201991,2011
201991,2013
201991,2014
201993,2012
201998,2009
201998,2010
201999,2009
202065,2009
202066,2009
202066,2010
202066,2012
202066,2013
202066,2014
202066,2015
202066,2016
202066,2017
202066,2018
202066,2019
202067,2011
202068,2009
202068,2010
202068,2011
202068,2013
202068,2015
202069,2009
202070,2009
202070,2013
202071,2009
202074,2010
202075,2009
202075,2012
202076,2009
202077,2009
202077,2010
202077,2012
202077,2014
202078,2009
202079,2009
202079,2010
202081,2009
202081,2010
202081,2011
202082,2009
202082,2010
202082,2011
202083,2009
202083,2010
202083,2011
202083,2012
202083,2013
202083,2014
202083,2015
202083,2016
202083,2017
202083,2018
202083,2019
202087,2009
202087,2010
202087,2011
202087,2012
202087,2013
202087,2014
202087,2015
202087,2016
202091,2009
202091,2012
202091,2013
202091,2014
202091,2015
202130,2009
202130,2010
202130,2011
202130,2012
202130,2013
202130,2014
202130,2015
202130,2016
202132,2009
202132,2010
202148,2010
202148,2011
202148,2012
202148,2013
202175,2011
202178,2009
202178,2010
202178,2011
202178,2012
202197,2010
202197,2013
202197,2014
202213,2010
202217,2011
202220,2010
202221,2012
202227,2011
202227,2012
202238,2009
202238,2010
202322,2010
202322,2011
202322,2012
202322,2013
202322,2014
202322,2015
202322,2016
202322,2017
202322,2018
202322,2019
202323,2010
202323,2011
202323,2012
202323,2013
202323,2014
202323,2015
202323,2016
202323,2017
202323,2018
202323,2019
202324,2010
202324,2011
202324,2012
202324,2013
202324,2014
202324,2015
202324,2016
202324,2017
202324,2018
202324,2019
202325,2010
202325,2011
202325,2012
202325,2013
202325,2014
202325,2015
202325,2016
202325,2017
202325,2018
202326,2010
202326,2011
202326,2012
202326,2013
202326,2014
202326,2015
202326,2016
202326,2017
202326,2018
202326,2019
202327,2010
202327,2011
202327,2012
202327,2013
202327,2014
202327,2017
202327,2018
202328,2010
202328,2011
202328,2012
202328,2013
202328,2014
202328,2015
202328,2016
202328,2017
202328,2018
202329,2010
202329,2011
202329,2012
202329,2013
202329,2014
202329,2015
202329,2016
202329,2017
202329,2018
202329,2019
202330,2010
202330,2011
202330,2012
202330,2013
202330,2014
202330,2015
202330,2016
202330,2017
202330,2018
202330,2019
202331,2010
202331,2011
202331,2012
202331,2013
202331,2014
202331,2015
202331,2016
202331,2017
202331,2018
202331,2019
202332,2010
202332,2011
202332,2012
202332,2013
202332,2014
202332,2015
202332,2016
202332,2017
202332,2018
202333,2010
202333,2011
202333,2012
202333,2013
202333,2014
202333,2015
202334,2010
202334,2011
202334,2012
202334,2013
202334,2014
202334,2015
202334,2016
202334,2017
202334,2018
202334,2019
202335,2010
202335,2011
202335,2012
202335,2013
202335,2014
202335,2015
202335,2016
202335,2017
202335,2018
202335,2019
202336,2010
202336,2011
202336,2012
202336,2013
202336,2014
202336,2016
202337,2010
202337,2011
202337,2012
202337,2013
202337,2014
202337,2015
202337,2016
202337,2017
202338,2010
202338,2011
202338,2012
202338,2013
202338,2014
202338,2015
202338,2016
202339,2010
202339,2011
202339,2012
202339,2013
202339,2014
202339,2015
202339,2016
202339,2017
202339,2018
202339,2019
202340,2010
202340,2011
202340,2012
202340,2013
202340,2014
202340,2015
202340,2016
202340,2017
202340,2018
202340,2019
202341,2010
202341,2011
202341,2012
202341,2013
202341,2015
202342,2010
202342,2011
202343,2010
202343,2011
202343,2012
202343,2013
202343,2014
202343,2015
202343,2016
202344,2010
202344,2011
202344,2012
202344,2013
202344,2014
202344,2015
202344,2016
202344,2017
202345,2010
202345,2011
202345,2012
202345,2013
202345,2014
202346,2010
202346,2011
202346,2012
202347,2010
202347,2011
202347,2012
202347,2013
202347,2014
202347,2015
202347,2016
202347,2017
202347,2018
202348,2010
202348,2011
202348,2012
202348,2013
202348,2015
202348,2016
202348,2017
202349,2010
202349,2011
202349,2012
202349,2013
202349,2014
202349,2015
202349,2016
202350,2011
202350,2012
202350,2013
202350,2014
202351,2010
202351,2011
202351,2012
202351,2013
202353,2015
202354,2010
202354,2011
202354,2012
202354,2013
202354,2014
202355,2010
202355,2011
202355,2014
202355,2015
202355,2016
202355,2017
202355,2018
202355,2019
202356,2010
202356,2011
202356,2012
202357,2015
202357,2016
202357,2017
202357,2018
202357,2019
202358,2010
202358,2011
202358,2015
202359,2011
202360,2010
202360,2012
202360,2017
202361,2010
202361,2011
202361,2012
202361,2013
202361,2014
202362,2010
202362,2011
202362,2012
202362,2013
202362,2014
202362,2015
202362,2016
202362,2017
202362,2018
202363,2012
202363,2013
202363,2014
202365,2010
202365,2011
202365,2012
202365,2013
202366,2011
202366,2012
202366,2014
202366,2015
202371,2010
202371,2011
202371,2013
202374,2010
202374,2011
202374,2012
202375,2010
202375,2011
202376,2010
202376,2011
202376,2012
202377,2010
202377,2011
202378,2010
202379,2010
202379,2011
202379,2012
202379,2013
202379,2014
202379,2015
202379,2016
202379,2017
202380,2010
202380,2011
202380,2012
202380,2013
202382,2010
202383,2010
202385,2011
202386,2010
202386,2011
202386,2012
202388,2011
202388,2012
202388,2013
202388,2014
202388,2015
202388,2017
202388,2018
202389,2010
202389,2011
202389,2012
202389,2013
202389,2014
202389,2015
202389,2016
202389,2017
202389,2018
202390,2010
202390,2011
202390,2012
202390,2013
202390,2014
202390,2015
202390,2016
202391,2010
202391,2011
202391,2012
202391,2013
202391,2014
202391,2015
202391,2016
202391,2017
202391,2018
202392,2010
202392,2012
202393,2010
202394,2010
202394,2015
202395,2010
202396,2010
202396,2011
202396,2012
202397,2010
202397,2011
202397,2012
202397,2013
202397,2014
202397,2015
202397,2016
202397,2017
202397,2018
202397,2019
202399,2010
202399,2011
202399,2012
202399,2013
202399,2014
202399,2015
202400,2010
202402,2010
202404,2010
202406,2010
202406,2011
202407,2010
202407,2014
202407,2015
202407,2016
202407,2017
202408,2010
202408,2013
202409,2010
202410,2010
202411,2010
202412,2010
202412,2011
202412,2013
202412,2016
202416,2010
202417,2010
202417,2012
202418,2010
202418,2011
202419,2010
202419,2011
202419,2012
202419,2013
202419,2014
202419,2015
202420,2010
202420,2013
202421,2010
202423,2010
202446,2012
202458,2011
202458,2012
202464,2015
202498,2011
202498,2012
202498,2013
202498,2014
202498,2015
202498,2016
202498,2017
202498,2018
202498,2019
202513,2015
202518,2013
202536,2011
202545,2011
202545,2012
202550,2014
202586,2013
202620,2013
202620,2014
202620,2016
202622,2011
202681,2011
202681,2012
202681,2013
202681,2014
202681,2015
202681,2016
202681,2017
202681,2018
202681,2019
202682,2011
202682,2012
202682,2013
202682,2014
202682,2015
202682,2016
202682,2017
202683,2011
202683,2012
202683,2013
202683,2014
202683,2015
202683,2016
202683,2017
202683,2018
202683,2019
202684,2011
202684,2012
202684,2013
202684,2014
202684,2015
202684,2016
202684,2017
202684,2018
202684,2019
202685,2012
202685,2013
202685,2014
202685,2015
202685,2016
202685,2017
202685,2018
202685,2019
202686,2011
202686,2012
202686,2013
202687,2011
202687,2012
202687,2013
202687,2014
202687,2015
202687,2016
202687,2017
202687,2018
202687,2019
202688,2011
202688,2012
202688,2013
202688,2014
202688,2015
202688,2016
202688,2017
202688,2018
202688,2019
202689,2011
202689,2012
202689,2013
202689,2014
202689,2015
202689,2016
202689,2017
202689,2018
202689,2019
202690,2011
202690,2012
202690,2013
202690,2014
202690,2015
202690,2018
202691,2011
202691,2012
202691,2013
202691,2014
202691,2015
202691,2016
202691,2017
202691,2018
202691,2019
202692,2011
202692,2012
202692,2013
202692,2014
202692,2015
202692,2016
202692,2017
202692,2018
202692,2019
202693,2011
202693,2012
202693,2013
202693,2014
202693,2015
202693,2016
202693,2017
202693,2018
202693,2019
202694,2011
202694,2012
202694,2013
202694,2014
202694,2015
202694,2016
202694,2017
202694,2018
202694,2019
202695,2011
202695,2012
202695,2013
202695,2014
202695,2015
202695,2016
202695,2017
202695,2018
202695,2019
202696,2011
202696,2012
202696,2013
202696,2014
202696,2015
202696,2016
202696,2017
202696,2018
202696,2019
202697,2011
202697,2012
202697,2013
202697,2014
202697,2015
202697,2016
202697,2017
202697,2018
202697,2019
202698,2011
202698,2012
202698,2013
202698,2014
202699,2011
202699,2012
202699,2013
202699,2014
202699,2015
202699,2016
202699,2017
202699,2018
202699,2019
202700,2012
202700,2013
202700,2014
202700,2015
202700,2016
202700,2018
202701,2011
202701,2012
202702,2011
202702,2012
202702,2013
202702,2014
202702,2015
202702,2016
202702,2017
202702,2018
202703,2014
202703,2015
202703,2016
202703,2017
202703,2018
202704,2011
202704,2012
202704,2013
202704,2014
202704,2015
202704,2016
202704,2017
202704,2018
202704,2019
202705,2011
202705,2012
202705,2013
202705,2017
202705,2018
202706,2011
202706,2012
202706,2013
202706,2014
202706,2015
202707,2011
202707,2012
202708,2011
202708,2012
202708,2013
202708,2014
202708,2015
202708,2016
202709,2011
202709,2012
202709,2013
202709,2014
202709,2015
202709,2016
202709,2017
202709,2018
202709,2019
202710,2011
202710,2012
202710,2013
202710,2014
202710,2015
202710,2016
202710,2017
202710,2018
202710,2019
202711,2014
202711,2015
202711,2016
202711,2017
202711,2018
202711,2019
202712,2011
202712,2012
202712,2015
202712,2016
202713,2012
202713,2013
202713,2014
202713,2015
202713,2016
202713,2017
202714,2011
202714,2012
202714,2013
202714,2014
202714,2015
202714,2016
202714,2017
202714,2018
202715,2011
202715,2012
202716,2011
202717,2011
202718,2011
202718,2012
202718,2013
202718,2014
202718,2015
202718,2016
202718,2017
202718,2018
202718,2019
202719,2011
202719,2012
202719,2013
202719,2014
202719,2015
202720,2011
202720,2012
202720,2013
202720,2014
202720,2015
202720,2016
202720,2017
202720,2018
202721,2011
202721,2012
202721,2013
202721,2014
202721,2018
202722,2016
202722,2017
202722,2018
202722,2019
202723,2011
202723,2012
202723,2014
202724,2011
202724,2012
202725,2011
202725,2012
202725,2013
202725,2015
202726,2011
202726,2012
202726,2015
202727,2011
202727,2012
202728,2011
202728,2012
202728,2015
202728,2016
202729,2011
202729,2012
202730,2011
202730,2012
202730,2013
202730,2014
202730,2015
202730,2016
202730,2018
202731,2011
202731,2014
202732,2011
202732,2012
202732,2013
202732,2016
202732,2017
202732,2018
202734,2011
202734,2012
202734,2013
202734,2014
202734,2015
202734,2016
202734,2017
202734,2018
202734,2019
202738,2011
202738,2012
202738,2013
202738,2014
202738,2015
202738,2016
202738,2017
202738,2018
202738,2019
202770,2011
202775,2011
202779,2013
202779,2014
202779,2017
202792,2011
202797,2011
202808,2015
202809,2011
202809,2012
202810,2011
202810,2013
202810,2016
202814,2011
202814,2012
202815,2015
202820,2011
202820,2015
202841,2013
202841,2016
202862,2011
202872,2011
202874,2011
202874,2013
202874,2014
202874,2016
202880,2011
202904,2011
202912,2011
202918,2011
202918,2013
202918,2014
202918,2017
202918,2018
202933,2011
202933,2012
202933,2013
202933,2015
202933,2016
202933,2017
202935,2011
202951,2011
202951,2012
202952,2011
202952,2012
202952,2013
202952,2014
202954,2011
202954,2018
202954,2019
202956,2011
202957,2011
202959,2011
202961,2011
202962,2011
202962,2012
202962,2013
202962,2014
202962,2015
202963,2011
202970,2011
202970,2012
202970,2013
203006,2012
203076,2012
203076,2013
203076,2014
203076,2015
203076,2016
203076,2017
203076,2018
203076,2019
203077,2012
203077,2013
203077,2014
203077,2015
203077,2016
203077,2017
203077,2018
203077,2019
203078,2012
203078,2013
203078,2014
203078,2015
203078,2016
203078,2017
203078,2018
203078,2019
203079,2012
203079,2013
203079,2014
203079,2015
203079,2016
203079,2017
203079,2018
203079,2019
203080,2012
203080,2013
203080,2014
203080,2015
203080,2016
203080,2018
203081,2012
203081,2013
203081,2014
203081,2015
203081,2016
203081,2017
203081,2018
203081,2019
203082,2012
203082,2013
203082,2014
203082,2015
203082,2016
203082,2017
203082,2018
203082,2019
203083,2012
203083,2013
203083,2014
203083,2015
203083,2016
203083,2017
203083,2018
203083,2019
203084,2012
203084,2013
203084,2014
203084,2015
203084,2016
203084,2017
203084,2018
203084,2019
203085,2012
203085,2013
203085,2014
203085,2015
203085,2016
203085,2017
203085,2018
203085,2019
203086,2012
203086,2013
203086,2014
203086,2015
203086,2016
203086,2017
203086,2018
203086,2019
203087,2012
203087,2013
203087,2014
203087,2015
203087,2016
203087,2017
203087,2018
203087,2019
203088,2012
203088,2013
203088,2014
203088,2015
203088,2017
203089,2012
203089,2013
203089,2014
203089,2015
203089,2016
203089,2017
203089,2018
203089,2019
203090,2012
203090,2013
203090,2014
203090,2015
203090,2016
203090,2017
203090,2018
203090,2019
203091,2012
203091,2013
203092,2012
203092,2013
203092,2014
203092,2015
203092,2016
203092,2017
203092,2018
203092,2019
203093,2012
203093,2013
203093,2014
203093,2015
203093,2016
203093,2018
203094,2012
203094,2013
203094,2014
203094,2015
203094,2016
203095,2012
203095,2013
203095,2014
203095,2015
203095,2016
203095,2017
203095,2018
203095,2019
203096,2012
203096,2013
203096,2014
203096,2015
203096,2016
203097,2012
203097,2013
203098,2012
203098,2013
203098,2014
203098,2015
203098,2016
203098,2017
203098,2018
203099,2012
203099,2013
203099,2014
203099,2015
203100,2012
203100,2013
203100,2014
203100,2015
203100,2016
203101,2012
203101,2013
203101,2014
203101,2015
203101,2016
203101,2017
203101,2018
203101,2019
203102,2012
203102,2013
203102,2014
203103,2012
203103,2013
203103,2014
203103,2015
203103,2017
203104,2012
203104,2013
203104,2014
203104,2017
203105,2012
203105,2013
203105,2014
203105,2015
203105,2016
203106,2012
203106,2013
203106,2014
203107,2016
203107,2017
203107,2018
203107,2019
203108,2012
203108,2013
203108,2014
203109,2012
203109,2013
203109,2014
203109,2015
203109,2016
203109,2017
203109,2018
203109,2019
203110,2012
203110,2013
203110,2014
203110,2015
203110,2016
203110,2017
203110,2018
203110,2019
203111,2012
203111,2013
203111,2015
203111,2016
203112,2012
203112,2013
203112,2014
203112,2015
203112,2016
203112,2017
203112,2018
203113,2012
203113,2013
203113,2014
203113,2015
203114,2012
203114,2013
203114,2014
203114,2015
203114,2016
203114,2017
203114,2018
203114,2019
203115,2012
203115,2013
203115,2014
203115,2015
203115,2016
203115,2017
203115,2018
203115,2019
203116,2012
203116,2013
203117,2012
203117,2013
203117,2014
203118,2012
203118,2013
203118,2014
203118,2015
203118,2016
203118,2017
203118,2018
203118,2019
203119,2012
203119,2014
203120,2013
203120,2014
203120,2016
203121,2012
203121,2013
203121,2014
203121,2017
203121,2018
203121,2019
203122,2012
203122,2014
203122,2016
203123,2014
203123,2015
203124,2012
203124,2013
203124,2014
203124,2015
203124,2016
203124,2017
203124,2018
203124,2019
203126,2012
203126,2013
203128,2014
203128,2015
203129,2012
203129,2013
203130,2012
203130,2013
203130,2018
203133,2013
203133,2014
203133,2016
203135,2012
203135,2013
203135,2014
203135,2015
203135,2016
203136,2013
203136,2014
203138,2012
203138,2013
203138,2014
203138,2015
203138,2016
203138,2019
203139,2012
203139,2013
203141,2012
203141,2013
203141,2014
203141,2015
203141,2016
203141,2017
203142,2012
203142,2013
203142,2014
203142,2015
203142,2016
203143,2012
203143,2013
203143,2014
203143,2015
203143,2016
203144,2012
203144,2013
203144,2014
203145,2012
203145,2013
203145,2014
203145,2015
203145,2016
203145,2017
203145,2018
203145,2019
203146,2012
203146,2013
203146,2017
203147,2013
203148,2012
203148,2013
203148,2014
203148,2015
203148,2016
203149,2012
203149,2014
203153,2012
203154,2012
203155,2012
203156,2012
203156,2013
203156,2014
203156,2015
203156,2016
203157,2012
203158,2012
203158,2014
203159,2012
203159,2013
203159,2018
203160,2012
203162,2012
203162,2014
203163,2012
203164,2012
203174,2012
203176,2012
203176,2013
203178,2012
203180,2012
203183,2012
203183,2013
203183,2017
203185,2012
203186,2012
203186,2013
203186,2014
203186,2015
203186,2016
203186,2017
203187,2012
203187,2013
203187,2014
203187,2015
203187,2016
203187,2017
203190,2012
203191,2012
203192,2012
203193,2012
203193,2014
203195,2012
203196,2012
203197,2012
203197,2013
203197,2014
203198,2012
203199,2012
203199,2013
203199,2015
203199,2017
203200,2012
203200,2013
203200,2014
203200,2015
203200,2016
203200,2017
203200,2018
203200,2019
203201,2012
203201,2013
203203,2012
203204,2012
203206,2012
203210,2013
203210,2014
203210,2015
203210,2016
203210,2017
203210,2018
203210,2019
203262,2013
203263,2013
203263,2018
203268,2013
203268,2014
203268,2015
203268,2016
203315,2013
203315,2014
203315,2015
203315,2016
203317,2012
203318,2013
203318,2014
203327,2013
203382,2012
203382,2013
203382,2014
203382,2015
203382,2016
203382,2017
203382,2018
203382,2019
203457,2014
203457,2015
203457,2016
203457,2017
203457,2018
203457,2019
203458,2013
203458,2014
203458,2015
203458,2016
203458,2017
203458,2018
203458,2019
203459,2013
203459,2014
203459,2015
203459,2016
203459,2017
203459,2018
203459,2019
203460,2013
203460,2014
203460,2015
203460,2016
203460,2017
203460,2018
203460,2019
203461,2013
203461,2014
203461,2015
203461,2016
203461,2017
203461,2019
203462,2013
203462,2014
203462,2015
203462,2016
203462,2017
203463,2013
203463,2014
203463,2015
203463,2016
203463,2017
203463,2018
203463,2019
203464,2016
203464,2017
203466,2013
203467,2013
203467,2014
203467,2017
203468,2013
203468,2014
203468,2015
203468,2016
203468,2017
203468,2018
203468,2019
203469,2013
203469,2014
203469,2015
203469,2016
203469,2017
203469,2018
203469,2019
203471,2013
203471,2014
203471,2015
203471,2016
203471,2017
203471,2018
203471,2019
203472,2015
203473,2013
203473,2014
203473,2015
203473,2016
203473,2017
203473,2018
203473,2019
203474,2013
203474,2014
203474,2015
203474,2016
203474,2018
203475,2014
203475,2015
203476,2013
203476,2014
203476,2015
203476,2016
203476,2017
203476,2018
203476,2019
203477,2013
203477,2014
203477,2015
203477,2016
203477,2017
203477,2018
203479,2013
203479,2014
203480,2013
203480,2014
203481,2013
203481,2014
203481,2015
203481,2016
203481,2017
203482,2013
203482,2014
203482,2015
203482,2016
203482,2017
203482,2018
203482,2019
203483,2013
203484,2013
203484,2014
203484,2015
203484,2016
203484,2017
203484,2018
203484,2019
203485,2013
203485,2014
203485,2015
203485,2016
203485,2017
203485,2018
203486,2013
203486,2014
203486,2015
203486,2016
203486,2017
203486,2018
203486,2019
203487,2013
203487,2014
203487,2015
203487,2016
203487,2017
203487,2018
203487,2019
203488,2013
203488,2014
203488,2015
203488,2016
203488,2017
203488,2018
203488,2019
203489,2013
203489,2014
203489,2016
203489,2017
203490,2013
203490,2014
203490,2015
203490,2016
203490,2017
203490,2018
203490,2019
203491,2013
203491,2014
203492,2013
203492,2014
203492,2015
203492,2016
203493,2013
203493,2014
203493,2015
203493,2016
203493,2017
203493,2018
203493,2019
203494,2013
203495,2013
203495,2014
203496,2013
203496,2014
203496,2015
203496,2016
203496,2017
203496,2018
203496,2019
203497,2013
203497,2014
203497,2015
203497,2016
203497,2017
203497,2018
203497,2019
203498,2013
203498,2014
203498,2015
203498,2016
203498,2017
203498,2018
203499,2013
203499,2014
203499,2015
203499,2017
203500,2013
203500,2014
203500,2015
203500,2016
203500,2017
203500,2018
203500,2019
203501,2013
203501,2014
203501,2015
203501,2016
203501,2017
203501,2018
203501,2019
203502,2013
203502,2014
203502,2015
203503,2013
203503,2014
203503,2015
203503,2016
203503,2017
203503,2018
203503,2019
203504,2013
203504,2014
203504,2015
203504,2016
203504,2017
203504,2018
203504,2019
203505,2013
203505,2014
203505,2017
203506,2013
203506,2014
203506,2015
203506,2016
203506,2017
203506,2018
203506,2019
203507,2013
203507,2014
203507,2015
203507,2016
203507,2017
203507,2018
203507,2019
203508,2013
203508,2014
203508,2015
203509,2013
203510,2015
203510,2016
203511,2014
203511,2015
203511,2016
203512,2014
203512,2015
203512,2016
203512,2017
203513,2013
203513,2014
203515,2013
203515,2014
203515,2015
203515,2016
203516,2014
203516,2015
203516,2016
203516,2017
203516,2018
203516,2019
203517,2013
203517,2014
203518,2016
203518,2017
203518,2018
203519,2013
203519,2014
203519,2015
203520,2016
203521,2013
203521,2014
203521,2015
203521,2016
203521,2017
203521,2018
203521,2019
203524,2013
203524,2014
203524,2015
203524,2016
203524,2017
203524,2018
203524,2019
203526,2015
203526,2016
203526,2017
203526,2018
203526,2019
203527,2013
203527,2014
203527,2015
203527,2016
203528,2013
203529,2015
203530,2014
203530,2015
203530,2016
203530,2017
203539,2013
203539,2014
203540,2013
203540,2014
203543,2013
203543,2014
203544,2013
203544,2014
203545,2013
203545,2014
203546,2013
203546,2014
203546,2015
203546,2016
203546,2017
203546,2018
203547,2013
203547,2014
203547,2015
203547,2017
203548,2013
203551,2013
203551,2014
203552,2013
203552,2014
203552,2015
203552,2016
203552,2017
203552,2018
203552,2019
203556,2013
203558,2013
203560,2013
203560,2016
203561,2013
203561,2014
203564,2014
203564,2017
203564,2018
203565,2014
203566,2013
203568,2013
203569,2013
203569,2014
203569,2015
203576,2013
203577,2013
203579,2013
203580,2013
203580,2014
203580,2017
203583,2018
203583,2019
203584,2013
203584,2014
203584,2015
203584,2016
203584,2017
203584,2018
203584,2019
203585,2013
203585,2014
203585,2016
203585,2017
203585,2018
203585,2019
203586,2013
203586,2015
203587,2013
203588,2013
203589,2013
203590,2013
203590,2017
203613,2015
203613,2016
203613,2017
203613,2018
203629,2018
203648,2015
203648,2019
203658,2018
203658,2019
203687,2017
203687,2018
203687,2019
203705,2016
203705,2017
203705,2019
203710,2016
203710,2017
203710,2018
203710,2019
203798,2014
203798,2015
203798,2016
203805,2014
203805,2018
203810,2013
203810,2014
203810,2016
203816,2013
203816,2017
203816,2018
203893,2014
203893,2015
203894,2014
203894,2015
203894,2016
203894,2017
203894,2018
203894,2019
203895,2015
203895,2016
203895,2018
203895,2019
203897,2014
203897,2015
203897,2016
203897,2017
203897,2018
203897,2019
203898,2014
203898,2015
203898,2016
203898,2017
203900,2014
203900,2015
203900,2016
203900,2017
203901,2014
203901,2015
203901,2016
203901,2017
203901,2018
203901,2019
203902,2016
203902,2017
203903,2014
203903,2015
203903,2016
203903,2017
203903,2018
203903,2019
203905,2014
203906,2014
203906,2015
203906,2019
203907,2014
203909,2014
203909,2015
203909,2016
203909,2017
203909,2018
203910,2014
203910,2015
203910,2016
203910,2018
203912,2014
203912,2015
203912,2016
203912,2017
203912,2018
203912,2019
203913,2014
203913,2015
203914,2014
203914,2015
203914,2016
203914,2017
203914,2018
203914,2019
203915,2014
203915,2015
203915,2016
203915,2017
203915,2018
203915,2019
203917,2014
203917,2015
203917,2016
203917,2017
203917,2018
203918,2014
203918,2015
203918,2016
203918,2017
203918,2018
203918,2019
203919,2014
203919,2015
203919,2016
203920,2014
203920,2017
203920,2018
203920,2019
203921,2014
203921,2015
203921,2016
203922,2014
203922,2015
203922,2016
203922,2017
203922,2018
203922,2019
203923,2014
203923,2015
203923,2016
203923,2017
203924,2014
203924,2015
203924,2016
203924,2017
203924,2018
203924,2019
203925,2014
203925,2015
203925,2016
203925,2017
203925,2018
203925,2019
203926,2014
203926,2015
203926,2016
203926,2017
203926,2018
203926,2019
203927,2014
203927,2015
203928,2014
203928,2015
203928,2016
203929,2015
203930,2014
203930,2015
203930,2016
203930,2017
203932,2014
203932,2015
203932,2016
203932,2017
203932,2018
203932,2019
203933,2014
203933,2015
203933,2016
203933,2017
203933,2018
203933,2019
203934,2015
203934,2016
203935,2014
203935,2015
203935,2016
203935,2017
203935,2018
203935,2019
203937,2014
203937,2015
203937,2016
203937,2017
203937,2018
203937,2019
203939,2014
203939,2015
203939,2016
203939,2017
203939,2018
203939,2019
203940,2014
203940,2015
203940,2016
203940,2017
203942,2014
203943,2014
203943,2015
203943,2016
203943,2017
203943,2018
203943,2019
203944,2014
203944,2015
203944,2016
203944,2017
203944,2018
203944,2019
203945,2014
203946,2014
203946,2015
203947,2015
203948,2014
203948,2015
203948,2016
203948,2017
203949,2014
203949,2015
203949,2016
203949,2017
203950,2014
203950,2015
203950,2016
203950,2018
203951,2014
203951,2015
203952,2014
203952,2015
203952,2016
203952,2017
203952,2018
203952,2019
203953,2014
203953,2015
203953,2016
203953,2017
203953,2018
203953,2019
203954,2014
203954,2015
203954,2016
203954,2017
203954,2018
203954,2019
203955,2014
203955,2015
203956,2014
203956,2015
203956,2016
203957,2014
203957,2015
203957,2016
203957,2017
203957,2018
203957,2019
203958,2014
203959,2015
203960,2014
203960,2015
203960,2016
203960,2017
203960,2018
203960,2019
203961,2014
203961,2015
203961,2017
203961,2018
203961,2019
203962,2015
203962,2016
203962,2017
203962,2018
203963,2014
203963,2015
203964,2014
203965,2014
203966,2014
203966,2015
203966,2017
203967,2016
203967,2017
203967,2018
203967,2019
203968,2014
203990,2014
203990,2016
203991,2014
203991,2015
203991,2016
203991,2017
203991,2018
203991,2019
203992,2017
203992,2018
203992,2019
203994,2014
203994,2015
203994,2016
203994,2017
203994,2018
203994,2019
203996,2014
203996,2015
203996,2016
203998,2014
203998,2015
203998,2016
203998,2017
203998,2018
203998,2019
203999,2015
203999,2016
203999,2017
203999,2018
203999,2019
204001,2015
204001,2016
204001,2017
204001,2018
204001,2019
204002,2015
204002,2016
204002,2017
204014,2014
204014,2015
204014,2016
204014,2017
204020,2014
204020,2015
204020,2016
204020,2017
204020,2018
204020,2019
204021,2014
204022,2014
204022,2015
204022,2017
204024,2014
204025,2014
204025,2015
204025,2016
204025,2017
204025,2018
204025,2019
204026,2014
204027,2014
204028,2014
204028,2015
204028,2016
204028,2017
204029,2014
204029,2016
204030,2014
204033,2014
204034,2014
204037,2014
204037,2016
204037,2017
204037,2018
204038,2014
204038,2015
204038,2016
204038,2017
204038,2018
204038,2019
204039,2014
204039,2016
204040,2014
204040,2015
204041,2014
204044,2014
204053,2014
204054,2014
204060,2014
204060,2015
204060,2016
204060,2017
204060,2018
204060,2019
204061,2014
204062,2014
204063,2014
204064,2014
204064,2017
204065,2014
204065,2015
204065,2017
204065,2019
204066,2015
204066,2016
204066,2017
204066,2018
204067,2014
204067,2015
204067,2016
204067,2017
204071,2014
204075,2014
204075,2015
204076,2014
204076,2018
204077,2014
204078,2014
204079,2014
204080,2014
204098,2015
204098,2016
204098,2017
204136,2015
204179,2015
204179,2017
204179,2018
204189,2015
204192,2018
204215,2019
204222,2015
204289,2015
204310,2017
204456,2015
204456,2016
204456,2017
204456,2018
204456,2019
500032,2009
1626143,2015
1626143,2016
1626143,2017
1626143,2018
1626143,2019
1626144,2015
1626144,2016
1626144,2017
1626144,2018
1626144,2019
1626145,2015
1626145,2016
1626145,2017
1626145,2018
1626145,2019
1626146,2015
1626146,2016
1626146,2017
1626147,2015
1626147,2016
1626147,2017
1626147,2018
1626147,2019
1626148,2015
1626148,2016
1626148,2017
1626148,2018
1626149,2015
1626149,2016
1626149,2017
1626149,2018
1626149,2019
1626150,2016
1626150,2017
1626150,2018
1626150,2019
1626151,2015
1626151,2016
1626151,2017
1626153,2015
1626153,2016
1626153,2017
1626153,2018
1626153,2019
1626154,2015
1626154,2016
1626154,2017
1626154,2018
1626155,2015
1626155,2016
1626155,2017
1626155,2018
1626156,2015
1626156,2016
1626156,2017
1626156,2018
1626156,2019
1626157,2015
1626157,2016
1626157,2017
1626157,2018
1626157,2019
1626158,2015
1626158,2016
1626158,2017
1626158,2018
1626158,2019
1626159,2015
1626159,2016
1626159,2017
1626159,2018
1626159,2019
1626160,2015
1626160,2016
1626161,2015
1626161,2016
1626161,2017
1626161,2018
1626161,2019
1626162,2015
1626162,2016
1626162,2017
1626162,2018
1626162,2019
1626163,2015
1626163,2016
1626163,2017
1626163,2018
1626163,2019
1626164,2015
1626164,2016
1626164,2017
1626164,2018
1626164,2019
1626165,2015
1626165,2017
1626166,2015
1626166,2016
1626166,2017
1626166,2018
1626166,2019
1626167,2015
1626167,2016
1626167,2017
1626167,2018
1626167,2019
1626168,2015
1626168,2016
1626168,2017
1626168,2018
1626168,2019
1626169,2015
1626169,2016
1626169,2017
1626169,2018
1626169,2019
1626170,2015
1626170,2016
1626170,2017
1626170,2018
1626171,2015
1626171,2016
1626171,2017
1626171,2018
1626171,2019
1626172,2015
1626172,2016
1626172,2017
1626172,2018
1626172,2019
1626173,2015
1626173,2016
1626173,2017
1626174,2015
1626174,2016
1626174,2018
1626174,2019
1626175,2015
1626175,2016
1626175,2017
1626176,2015
1626176,2016
1626177,2017
1626178,2015
1626178,2016
1626178,2017
1626178,2018
1626178,2019
1626179,2015
1626179,2016
1626179,2017
1626179,2018
1626179,2019
1626180,2015
1626181,2015
1626181,2016
1626181,2017
1626181,2018
1626181,2019
1626182,2015
1626182,2016
1626182,2017
1626183,2015
1626183,2016
1626184,2016
1626184,2018
1626185,2015
1626185,2016
1626185,2017
1626185,2018
1626185,2019
1626186,2015
1626187,2015
1626187,2018
1626187,2019
1626188,2015
1626188,2016
1626188,2017
1626188,2018
1626188,2019
1626189,2015
1626190,2015
1626191,2015
1626191,2016
1626191,2017
1626191,2018
1626192,2015
1626192,2016
1626192,2017
1626192,2018
1626192,2019
1626193,2015
1626195,2016
1626195,2017
1626195,2018
1626195,2019
1626196,2015
1626196,2016
1626196,2017
1626196,2018
1626196,2019
1626199,2015
1626199,2016
1626199,2017
1626201,2015
1626202,2015
1626202,2016
1626202,2017
1626203,2015
1626203,2016
1626203,2017
1626203,2018
1626203,2019
1626204,2015
1626204,2016
1626204,2017
1626204,2018
1626204,2019
1626205,2015
1626205,2016
1626205,2017
1626207,2015
1626208,2015
1626209,2015
1626209,2016
1626209,2017
1626209,2018
1626209,2019
1626210,2015
1626210,2016
1626210,2017
1626210,2018
1626213,2016
1626214,2015
1626217,2015
1626219,2015
1626220,2017
1626220,2018
1626220,2019
1626224,2017
1626224,2018
1626224,2019
1626242,2015
1626242,2016
1626242,2017
1626245,2015
1626245,2016
1626245,2017
1626245,2018
1626245,2019
1626246,2015
1626246,2016
1626246,2017
1626246,2018
1626246,2019
1626251,2015
1626252,2015
1626253,2015
1626253,2016
1626254,2015
1626254,2016
1626257,2015
1626257,2016
1626257,2017
1626257,2018
1626258,2015
1626259,2015
1626259,2017
1626259,2018
1626259,2019
1626260,2015
1626260,2018
1626261,2015
1626262,2015
1626263,2015
1626266,2015
1626266,2016
1626269,2015
1626270,2015
1626271,2015
1626272,2015
1626273,2015
1626273,2016
1626275,2015
1626276,2015
1626279,2015
1626280,2015
1626281,2015
1626285,2015
1626288,2015
1626289,2015
1626290,2015
1626293,2015
1626294,2015
1626294,2016
1626295,2015
1626296,2015
1626296,2018
1626296,2019
1626304,2015
1626305,2015
1626643,2017
1626780,2016
1626780,2017
1626780,2018
1627098,2016
1627098,2017
1627215,2017
1627215,2018
1627215,2019
1627224,2015
1627258,2015
1627292,2015
1627293,2015
1627322,2015
1627362,2015
1627362,2016
1627362,2017
1627362,2018
1627395,2018
1627496,2016
1627732,2016
1627732,2017
1627732,2018
1627732,2019
1627733,2016
1627733,2017
1627733,2018
1627733,2019
1627734,2016
1627734,2017
1627734,2018
1627734,2019
1627735,2016
1627735,2017
1627735,2018
1627736,2016
1627736,2017
1627736,2018
1627736,2019
1627737,2016
1627737,2017
1627737,2018
1627737,2019
1627738,2016
1627738,2017
1627738,2018
1627739,2016
1627739,2017
1627739,2018
1627739,2019
1627740,2016
1627740,2017
1627740,2018
1627740,2019
1627741,2016
1627741,2017
1627741,2018
1627741,2019
1627742,2016
1627742,2017
1627742,2018
1627742,2019
1627743,2016
1627743,2017
1627743,2018
1627743,2019
1627744,2016
1627744,2017
1627745,2016
1627745,2017
1627745,2018
1627745,2019
1627746,2016
1627746,2017
1627746,2018
1627746,2019
1627747,2016
1627747,2017
1627747,2018
1627747,2019
1627748,2016
1627748,2017
1627748,2018
1627748,2019
1627749,2016
1627749,2017
1627749,2018
1627749,2019
1627750,2016
1627750,2017
1627750,2018
1627750,2019
1627751,2016
1627751,2017
1627751,2018
1627751,2019
1627752,2016
1627752,2017
1627752,2018
1627752,2019
1627753,2017
1627753,2018
1627754,2016
1627754,2017
1627755,2016
1627755,2017
1627755,2018
1627755,2019
1627756,2016
1627756,2017
1627756,2018
1627756,2019
1627757,2016
1627757,2017
1627758,2016
1627758,2017
1627758,2018
1627759,2016
1627759,2017
1627759,2018
1627759,2019
1627760,2016
1627761,2016
1627761,2017
1627761,2018
1627761,2019
1627762,2016
1627762,2017
1627763,2016
1627763,2017
1627763,2018
1627763,2019
1627765,2016
1627766,2016
1627766,2018
1627767,2016
1627767,2017
1627767,2018
1627767,2019
1627768,2016
1627770,2016
1627770,2017
1627770,2018
1627771,2016
1627771,2017
1627772,2017
1627772,2018
1627772,2019
1627773,2016
1627773,2017
1627774,2016
1627774,2017
1627774,2018
1627774,2019
1627775,2016
1627775,2017
1627775,2018
1627775,2019
1627776,2019
1627777,2016
1627777,2017
1627777,2018
1627777,2019
1627778,2016
1627778,2017
1627778,2018
1627779,2016
1627779,2017
1627780,2016
1627780,2017
1627780,2018
1627781,2016
1627781,2017
1627781,2018
1627782,2016
1627782,2017
1627782,2018
1627783,2016
1627783,2017
1627783,2018
1627783,2019
1627784,2016
1627784,2017
1627784,2019
1627785,2016
1627785,2017
1627786,2016
1627786,2017
1627786,2018
1627787,2016
1627787,2017
1627788,2017
1627788,2018
1627788,2019
1627789,2016
1627789,2017
1627789,2018
1627789,2019
1627790,2017
1627790,2018
1627790,2019
1627791,2016
1627811,2016
1627812,2016
1627812,2017
1627812,2018
1627812,2019
1627814,2016
1627814,2017
1627814,2018
1627814,2019
1627815,2016
1627815,2017
1627816,2016
1627816,2017
1627816,2018
1627817,2016
1627817,2017
1627818,2016
1627819,2016
1627819,2017
1627819,2018
1627819,2019
1627820,2017
1627820,2018
1627820,2019
1627821,2016
1627821,2017
1627823,2016
1627823,2017
1627823,2018
1627823,2019
1627824,2017
1627824,2018
1627825,2017
1627826,2016
1627826,2017
1627826,2018
1627826,2019
1627827,2016
1627827,2017
1627827,2018
1627827,2019
1627829,2016
1627832,2016
1627832,2017
1627832,2018
1627832,2019
1627834,2016
1627834,2017
1627835,2016
1627835,2017
1627836,2016
1627841,2016
1627843,2016
1627846,2017
1627846,2018
1627846,2019
1627848,2016
1627849,2016
1627849,2017
1627850,2016
1627850,2017
1627851,2016
1627851,2017
1627852,2016
1627852,2017
1627853,2016
1627853,2017
1627853,2018
1627853,2019
1627854,2016
1627854,2017
1627854,2018
1627854,2019
1627855,2016
1627855,2017
1627855,2018
1627856,2016
1627856,2017
1627858,2016
1627858,2017
1627858,2018
1627858,2019
1627861,2016
1627862,2016
1627863,2016
1627863,2017
1627863,2018
1627863,2019
1627865,2016
1627866,2016
1627866,2017
1627867,2016
1627868,2016
1627873,2016
1627875,2016
1627875,2017
1627875,2018
1627878,2016
1627879,2016
1627880,2016
1627881,2016
1627882,2016
1627883,2016
1627883,2017
1627883,2018
1627883,2019
1627884,2016
1627884,2017
1627884,2018
1627884,2019
1627885,2016
1627885,2017
1627885,2018
1627885,2019
1627886,2016
1627887,2016
1627888,2016
1627902,2016
1627936,2016
1627936,2017
1627936,2018
1627936,2019
1627938,2016
1627954,2016
1627982,2017
1627982,2019
1627988,2017
1627988,2019
1628021,2016
1628021,2017
1628021,2018
1628021,2019
1628035,2017
1628035,2018
1628035,2019
1628041,2016
1628070,2018
1628174,2017
1628176,2017
1628241,2017
1628249,2018
1628365,2017
1628365,2018
1628365,2019
1628366,2017
1628366,2018
1628366,2019
1628367,2017
1628367,2018
1628367,2019
1628368,2017
1628368,2018
1628368,2019
1628369,2017
1628369,2018
1628369,2019
1628370,2017
1628370,2018
1628370,2019
1628371,2017
1628371,2018
1628371,2019
1628372,2017
1628372,2018
1628372,2019
1628373,2017
1628373,2018
1628373,2019
1628374,2017
1628374,2018
1628374,2019
1628378,2017
1628378,2018
1628378,2019
1628379,2017
1628379,2018
1628379,2019
1628380,2017
1628380,2018
1628380,2019
1628381,2017
1628381,2018
1628381,2019
1628382,2017
1628382,2018
1628382,2019
1628383,2017
1628383,2018
1628383,2019
1628384,2017
1628384,2018
1628384,2019
1628385,2017
1628385,2018
1628385,2019
1628386,2017
1628386,2018
1628386,2019
1628387,2017
1628387,2018
1628388,2017
1628388,2018
1628388,2019
1628389,2017
1628389,2018
1628389,2019
1628390,2017
1628390,2018
1628390,2019
1628391,2017
1628391,2018
1628391,2019
1628392,2018
1628392,2019
1628393,2017
1628393,2018
1628394,2019
1628395,2017
1628395,2018
1628395,2019
1628396,2017
1628396,2018
1628396,2019
1628397,2017
1628397,2018
1628397,2019
1628398,2017
1628398,2018
1628398,2019
1628399,2017
1628399,2018
1628399,2019
1628400,2017
1628400,2018
1628400,2019
1628401,2017
1628401,2018
1628401,2019
1628402,2017
1628402,2018
1628402,2019
1628403,2017
1628403,2018
1628403,2019
1628404,2017
1628404,2018
1628404,2019
1628405,2017
1628405,2018
1628405,2019
1628407,2017
1628407,2018
1628407,2019
1628408,2017
1628408,2018
1628408,2019
1628409,2017
1628410,2017
1628410,2018
1628410,2019
1628411,2017
1628411,2018
1628411,2019
1628412,2017
1628412,2018
1628412,2019
1628413,2018
1628413,2019
1628414,2017
1628414,2018
1628414,2019
1628415,2017
1628415,2018
1628415,2019
1628416,2017
1628416,2018
1628417,2018
1628417,2019
1628418,2017
1628418,2018
1628418,2019
1628419,2017
1628419,2018
1628420,2017
1628420,2018
1628420,2019
1628421,2017
1628421,2018
1628421,2019
1628422,2017
1628422,2018
1628422,2019
1628424,2017
1628424,2018
1628424,2019
1628425,2017
1628425,2018
1628425,2019
1628427,2019
1628429,2017
1628429,2018
1628430,2019
1628431,2017
1628432,2017
1628432,2018
1628432,2019
1628433,2017
1628436,2017
1628436,2018
1628436,2019
1628437,2017
1628439,2017
1628439,2018
1628443,2017
1628443,2018
1628443,2019
1628444,2017
1628444,2018
1628448,2019
1628449,2017
1628449,2018
1628449,2019
1628450,2019
1628451,2017
1628452,2017
1628453,2017
1628454,2017
1628455,2017
1628456,2017
1628460,2017
1628462,2017
1628462,2018
1628463,2017
1628463,2018
1628464,2017
1628464,2018
1628464,2019
1628467,2017
1628467,2018
1628467,2019
1628469,2017
1628469,2018
1628470,2017
1628470,2018
1628470,2019
1628473,2017
1628475,2017
1628476,2017
1628476,2018
1628476,2019
1628477,2017
1628491,2017
1628492,2017
1628493,2017
1628494,2017
1628495,2017
1628495,2019
1628496,2017
1628499,2017
1628499,2018
1628499,2019
1628500,2017
1628500,2018
1628502,2017
1628503,2017
1628503,2018
1628504,2017
1628505,2017
1628505,2018
1628505,2019
1628506,2017
1628506,2019
1628510,2017
1628511,2017
1628512,2017
1628513,2017
1628513,2018
1628513,2019
1628514,2017
1628515,2017
1628515,2018
1628516,2017
1628517,2017
1628518,2017
1628518,2018
1628518,2019
1628528,2017
1628535,2017
1628537,2017
1628537,2018
1628539,2019
1628554,2017
1628571,2017
1628575,2017
1628576,2017
1628576,2018
1628577,2017
1628578,2017
1628578,2019
1628579,2017
1628605,2018
1628605,2019
1628610,2018
1628656,2018
1628677,2017
1628679,2017
1628680,2017
1628681,2017
1628681,2018
1628769,2018
1628769,2019
1628935,2017
1628959,2018
1628960,2018
1628960,2019
1628961,2018
1628961,2019
1628963,2018
1628963,2019
1628964,2018
1628964,2019
1628965,2018
1628966,2018
1628966,2019
1628967,2019
1628968,2019
1628969,2018
1628969,2019
1628970,2018
1628970,2019
1628971,2018
1628971,2019
1628972,2018
1628972,2019
1628973,2018
1628973,2019
1628975,2018
1628975,2019
1628976,2018
1628976,2019
1628977,2018
1628977,2019
1628978,2018
1628978,2019
1628979,2018
1628980,2018
1628980,2019
1628981,2019
1628982,2018
1628982,2019
1628983,2018
1628983,2019
1628984,2018
1628984,2019
1628985,2019
1628988,2018
1628988,2019
1628989,2018
1628989,2019
1628990,2018
1628990,2019
1628991,2018
1628991,2019
1628993,2018
1628993,2019
1628994,2018
1628995,2018
1628995,2019
1628996,2019
1628997,2019
1628998,2019
1628999,2018
1628999,2019
1629000,2018
1629001,2018
1629001,2019
1629002,2018
1629002,2019
1629003,2018
1629003,2019
1629004,2018
1629004,2019
1629005,2018
1629006,2018
1629006,2019
1629008,2018
1629008,2019
1629009,2018
1629010,2018
1629010,2019
1629011,2018
1629011,2019
1629012,2018
1629012,2019
1629013,2018
1629013,2019
1629014,2018
1629014,2019
1629015,2018
1629015,2019
1629016,2018
1629016,2019
1629017,2018
1629017,2019
1629018,2018
1629018,2019
1629019,2018
1629019,2019
1629020,2018
1629020,2019
1629021,2018
1629021,2019
1629022,2018
1629022,2019
1629023,2019
1629026,2018
1629026,2019
1629027,2018
1629027,2019
1629028,2018
1629028,2019
1629029,2018
1629029,2019
1629033,2018
1629033,2019
1629034,2018
1629034,2019
1629035,2019
1629036,2018
1629037,2018
1629044,2019
1629045,2018
1629048,2019
1629050,2018
1629052,2019
1629053,2018
1629055,2018
1629055,2019
1629056,2019
1629057,2018
1629057,2019
1629058,2018
1629058,2019
1629059,2018
1629059,2019
1629060,2019
1629061,2018
1629061,2019
1629065,2019
1629066,2018
1629066,2019
1629067,2018
1629067,2019
1629070,2019
1629076,2019
1629078,2018
1629093,2018
1629094,2018
1629094,2019
1629097,2019
1629102,2018
1629103,2019
1629109,2018
1629109,2019
1629116,2018
1629117,2018
1629117,2019
1629118,2018
1629118,2019
1629121,2018
1629121,2019
1629122,2018
1629122,2019
1629123,2018
1629126,2018
1629126,2019
1629129,2018
1629129,2019
1629130,2018
1629130,2019
1629131,2018
1629132,2018
1629133,2018
1629133,2019
1629134,2018
1629134,2019
1629136,2018
1629137,2018
1629139,2018
1629139,2019
1629140,2018
1629142,2018
1629145,2018
1629146,2018
1629147,2018
1629147,2019
1629148,2018
1629149,2018
1629150,2018
1629151,2018
1629151,2019
1629152,2018
1629152,2019
1629154,2018
1629155,2018
1629156,2018
1629159,2018
1629162,2018
1629162,2019
1629163,2018
1629164,2018
1629164,2019
1629165,2018
1629166,2018
1629167,2018
1629168,2018
1629168,2019
1629184,2018
1629185,2018
1629185,2019
1629186,2018
1629190,2018
1629203,2018
1629203,2019
1629226,2018
1629232,2018
1629232,2019
1629234,2018
1629234,2019
1629236,2018
1629244,2018
1629244,2019
1629245,2018
1629246,2018
1629260,2018
1629270,2019
1629285,2018
1629305,2019
1629308,2019
1629312,2018
1629312,2019
1629346,2019
1629352,2018
1629353,2018
1629353,2019
1629541,2018
1629594,2019
1629595,2019
1629597,2019
1629598,2019
1629599,2019
1629605,2019
1629606,2019
1629607,2019
1629608,2019
1629609,2019
1629610,2019
1629611,2019
1629612,2019
1629615,2019
1629616,2019
1629620,2019
1629621,2019
1629622,2019
1629623,2019
1629624,2019
1629625,2019
1629626,2019
1629627,2019
1629628,2019
1629629,2019
1629630,2019
1629631,2019
1629632,2019
1629633,2019
1629634,2019
1629635,2019
1629636,2019
1629637,2019
1629638,2019
1629639,2019
1629640,2019
1629641,2019
1629642,2019
1629644,2019
1629645,2019
1629647,2019
1629648,2019
1629649,2019
1629650,2019
1629651,2019
1629652,2019
1629655,2019
1629657,2019
1629658,2019
1629659,2019
1629660,2019
1629661,2019
1629662,2019
1629663,2019
1629664,2019
1629665,2019
1629667,2019
1629668,2019
1629669,2019
1629671,2019
1629672,2019
1629673,2019
1629675,2019
1629676,2019
1629677,2019
1629678,2019
1629679,2019
1629680,2019
1629682,2019
1629683,2019
1629684,2019
1629685,2019
1629689,2019
1629690,2019
1629713,2019
1629714,2019
1629715,2019
1629716,2019
1629717,2019
1629718,2019
1629719,2019
1629721,2019
1629722,2019
1629723,2019
1629724,2019
1629725,2019
1629726,2019
1629729,2019
1629730,2019
1629731,2019
1629734,2019
1629735,2019
1629738,2019
1629739,2019
1629740,2019
1629741,2019
1629742,2019
1629743,2019
1629744,2019
1629745,2019
1629746,2019
1629747,2019
1629749,2019
1629750,2019
1629751,2019
1629752,2019
1629753,2019
1629755,2019
1629756,2019
1629759,2019
1629777,2019
1629779,2019
1629786,2019
1629800,2019
1629806,2019
1629818,2019
1629819,2019
1629824,2019
1629825,2019
1629826,2019
1629833,2019
1629860,2019
1629956,2019
1629962,2019
1629967,2019
122683568,2011
1962936250,2009
1962936270,2009
1962936483,2011
1962936489,2011
1962936495,2011
1962937755,2017
1962937827,2017
