PLAYER_ID,TEAM_ID
244,1610612742
255,1610612746
255,1610612756
283,1610612741
406,1610612738
406,1610612739
436,1610612748
436,1610612757
467,1610612742
467,1610612752
686,1610612759
689,1610612747
689,1610612759
689,1610612766
693,1610612737
693,1610612747
693,1610612751
703,1610612741
703,1610612749
703,1610612752
703,1610612757
708,1610612738
708,1610612750
708,1610612751
711,1610612737
711,1610612748
711,1610612749
711,1610612751
714,1610612738
714,1610612759
739,1610612738
739,1610612752
947,1610612755
947,1610612763
948,1610612745
948,1610612746
948,1610612752
948,1610612757
951,1610612738
951,1610612748
956,1610612737
956,1610612742
956,1610612748
959,1610612747
959,1610612756
965,1610612742
965,1610612747
965,1610612760
977,1610612747
978,1610612740
978,1610612742
978,1610612761
979,1610612738
979,1610612744
979,1610612748
979,1610612756
980,1610612739
980,1610612748
1088,1610612756
1088,1610612765
1112,1610612765
1495,1610612759
1497,1610612743
1497,1610612746
1497,1610612752
1497,1610612765
1498,1610612755
1499,1610612751
1499,1610612755
1501,1610612742
1502,1610612753
1503,1610612737
1503,1610612745
1503,1610612752
1503,1610612759
1503,1610612765
1515,1610612739
1533,1610612753
1536,1610612744
1536,1610612746
1536,1610612749
1536,1610612759
1536,1610612766
1563,1610612760
1630,1610612744
1710,1610612737
1710,1610612748
1710,1610612752
1710,1610612764
1712,1610612739
1712,1610612746
1712,1610612747
1712,1610612764
1713,1610612737
1713,1610612742
1713,1610612753
1713,1610612756
1713,1610612758
1713,1610612763
1715,1610612753
1715,1610612763
1716,1610612752
1716,1610612753
1716,1610612758
1716,1610612766
1717,1610612742
1718,1610612738
1718,1610612746
1718,1610612751
1718,1610612764
1719,1610612750
1725,1610612761
1729,1610612746
1730,1610612746
1730,1610612749
1730,1610612763
1733,1610612743
1733,1610612752
1733,1610612753
1733,1610612764
1737,1610612741
1737,1610612760
1737,1610612766
1740,1610612748
1740,1610612753
1740,1610612764
1747,1610612748
1747,1610612751
1752,1610612740
1752,1610612757
1763,1610612760
1766,1610612765
1802,1610612741
1802,1610612745
1802,1610612750
1853,1610612743
1853,1610612752
1853,1610612761
1863,1610612745
1863,1610612749
1863,1610612764
1882,1610612737
1882,1610612742
1882,1610612755
1884,1610612739
1884,1610612746
1884,1610612752
1885,1610612742
1885,1610612746
1885,1610612747
1886,1610612752
1888,1610612741
1888,1610612765
1889,1610612743
1889,1610612750
1889,1610612757
1889,1610612758
1889,1610612759
1889,1610612764
1890,1610612739
1890,1610612742
1891,1610612738
1891,1610612742
1891,1610612745
1891,1610612749
1891,1610612751
1894,1610612744
1894,1610612749
1894,1610612759
1894,1610612765
1894,1610612766
1897,1610612747
1897,1610612752
1899,1610612740
1899,1610612754
1902,1610612754
1903,1610612758
1903,1610612763
1904,1610612744
1905,1610612750
1905,1610612751
1905,1610612762
1913,1610612760
1922,1610612749
1922,1610612755
1922,1610612762
1938,1610612759
1952,1610612744
1952,1610612762
1952,1610612766
2030,1610612743
2030,1610612746
2030,1610612749
2030,1610612752
2032,1610612766
2034,1610612739
2034,1610612743
2034,1610612748
2034,1610612763
2034,1610612764
2037,1610612737
2037,1610612746
2037,1610612750
2037,1610612756
2037,1610612757
2038,1610612749
2038,1610612757
2038,1610612766
2039,1610612738
2039,1610612749
2039,1610612751
2039,1610612763
2041,1610612737
2041,1610612760
2045,1610612746
2045,1610612753
2045,1610612756
2045,1610612761
2046,1610612758
2047,1610612748
2047,1610612752
2047,1610612753
2048,1610612748
2048,1610612761
2049,1610612744
2050,1610612740
2050,1610612760
2052,1610612737
2052,1610612742
2052,1610612751
2052,1610612764
2056,1610612749
2056,1610612755
2059,1610612742
2059,1610612751
2059,1610612766
2060,1610612741
2060,1610612751
2063,1610612742
2063,1610612746
2067,1610612738
2067,1610612748
2067,1610612752
2072,1610612749
2072,1610612756
2073,1610612742
2073,1610612750
2078,1610612740
2078,1610612750
2109,1610612749
2124,1610612743
2124,1610612753
2137,1610612751
2137,1610612757
2137,1610612758
2137,1610612759
2198,1610612744
2198,1610612755
2198,1610612765
2198,1610612766
2199,1610612742
2199,1610612745
2199,1610612747
2199,1610612752
2199,1610612756
2199,1610612766
2200,1610612741
2200,1610612747
2200,1610612749
2200,1610612757
2200,1610612759
2201,1610612742
2201,1610612748
2201,1610612752
2201,1610612759
2202,1610612753
2202,1610612755
2202,1610612756
2203,1610612745
2203,1610612748
2203,1610612763
2205,1610612739
2205,1610612766
2207,1610612737
2207,1610612745
2207,1610612748
2207,1610612751
2207,1610612762
2207,1610612765
2209,1610612737
2209,1610612741
2209,1610612744
2209,1610612766
2210,1610612739
2210,1610612742
2210,1610612743
2210,1610612744
2210,1610612759
2210,1610612762
2211,1610612738
2211,1610612742
2211,1610612747
2211,1610612751
2211,1610612754
2212,1610612763
2215,1610612737
2215,1610612738
2215,1610612751
2215,1610612764
2216,1610612758
2216,1610612763
2217,1610612739
2217,1610612742
2217,1610612764
2217,1610612766
2222,1610612738
2222,1610612751
2222,1610612757
2222,1610612766
2223,1610612742
2223,1610612745
2223,1610612749
2223,1610612752
2223,1610612755
2223,1610612758
2224,1610612762
2224,1610612763
2225,1610612759
2225,1610612766
2229,1610612741
2229,1610612742
2229,1610612764
2230,1610612737
2230,1610612764
2239,1610612751
2240,1610612753
2240,1610612763
2240,1610612764
2243,1610612738
2243,1610612741
2246,1610612751
2246,1610612762
2248,1610612754
2248,1610612757
2248,1610612762
2250,1610612746
2250,1610612751
2250,1610612759
2254,1610612739
2260,1610612746
2260,1610612756
2260,1610612757
2294,1610612744
2294,1610612749
2306,1610612738
2306,1610612748
2365,1610612739
2365,1610612743
2365,1610612748
2365,1610612763
2366,1610612737
2366,1610612760
2397,1610612745
2399,1610612737
2399,1610612739
2399,1610612741
2399,1610612749
2399,1610612754
2400,1610612742
2400,1610612746
2400,1610612749
2400,1610612764
2401,1610612746
2403,1610612743
2403,1610612745
2403,1610612764
2404,1610612738
2404,1610612765
2405,1610612742
2405,1610612748
2405,1610612752
2405,1610612756
2406,1610612742
2406,1610612746
2406,1610612749
2406,1610612758
2406,1610612760
2406,1610612764
2406,1610612765
2407,1610612745
2407,1610612752
2407,1610612757
2408,1610612740
2408,1610612743
2408,1610612758
2408,1610612763
2408,1610612766
2409,1610612759
2413,1610612737
2416,1610612746
2419,1610612738
2419,1610612750
2419,1610612763
2419,1610612765
2420,1610612738
2420,1610612760
2422,1610612740
2422,1610612741
2422,1610612749
2422,1610612758
2422,1610612761
2424,1610612756
2427,1610612740
2427,1610612748
2427,1610612752
2427,1610612759
2427,1610612764
2429,1610612744
2429,1610612747
2429,1610612749
2429,1610612751
2429,1610612752
2430,1610612741
2430,1610612747
2430,1610612762
2431,1610612740
2431,1610612745
2431,1610612761
2436,1610612741
2436,1610612763
2436,1610612766
2440,1610612744
2440,1610612746
2440,1610612747
2440,1610612753
2440,1610612758
2440,1610612763
2441,1610612738
2443,1610612740
2443,1610612755
2446,1610612741
2446,1610612746
2446,1610612750
2446,1610612754
2446,1610612759
2446,1610612761
2446,1610612764
2449,1610612745
2449,1610612751
2449,1610612754
2449,1610612756
2449,1610612761
2457,1610612737
2457,1610612741
2457,1610612764
2457,1610612766
2484,1610612740
2484,1610612741
2501,1610612746
2501,1610612751
2501,1610612758
2501,1610612761
2544,1610612739
2544,1610612747
2544,1610612748
2545,1610612738
2545,1610612750
2545,1610612752
2546,1610612743
2546,1610612745
2546,1610612752
2546,1610612757
2546,1610612760
2547,1610612748
2547,1610612761
2548,1610612739
2548,1610612741
2548,1610612748
2549,1610612740
2549,1610612742
2549,1610612746
2549,1610612747
2549,1610612757
2550,1610612737
2550,1610612741
2550,1610612764
2551,1610612754
2551,1610612759
2552,1610612738
2553,1610612751
2554,1610612738
2554,1610612753
2554,1610612756
2554,1610612761
2555,1610612760
2556,1610612761
2557,1610612749
2557,1610612750
2557,1610612753
2557,1610612766
2561,1610612740
2561,1610612744
2561,1610612754
2561,1610612759
2562,1610612738
2562,1610612740
2562,1610612742
2562,1610612750
2562,1610612757
2563,1610612737
2563,1610612739
2563,1610612742
2563,1610612746
2563,1610612751
2563,1610612754
2563,1610612762
2564,1610612759
2564,1610612762
2564,1610612766
2566,1610612746
2566,1610612751
2566,1610612752
2566,1610612757
2566,1610612758
2567,1610612745
2567,1610612746
2567,1610612762
2567,1610612764
2567,1610612765
2568,1610612745
2568,1610612749
2570,1610612738
2570,1610612739
2570,1610612740
2570,1610612760
2571,1610612738
2571,1610612744
2571,1610612754
2571,1610612756
2571,1610612761
2572,1610612742
2572,1610612750
2572,1610612762
2572,1610612764
2574,1610612744
2574,1610612747
2574,1610612755
2575,1610612739
2575,1610612747
2581,1610612744
2581,1610612746
2581,1610612747
2581,1610612757
2581,1610612765
2584,1610612737
2584,1610612740
2584,1610612746
2584,1610612753
2584,1610612755
2585,1610612737
2585,1610612742
2585,1610612744
2585,1610612749
2585,1610612765
2586,1610612738
2586,1610612741
2586,1610612751
2586,1610612755
2586,1610612759
2588,1610612759
2590,1610612739
2590,1610612746
2590,1610612750
2590,1610612757
2590,1610612762
2590,1610612766
2592,1610612739
2592,1610612748
2594,1610612737
2594,1610612739
2594,1610612741
2594,1610612749
2594,1610612762
2596,1610612744
2605,1610612738
2605,1610612749
2617,1610612748
2624,1610612742
2624,1610612751
2624,1610612764
2632,1610612759
2648,1610612761
2648,1610612762
2648,1610612763
2668,1610612763
2669,1610612753
2679,1610612740
2679,1610612742
2679,1610612766
2694,1610612737
2694,1610612745
2694,1610612747
2694,1610612749
2694,1610612752
2694,1610612759
2730,1610612737
2730,1610612745
2730,1610612747
2730,1610612753
2730,1610612764
2730,1610612766
2731,1610612740
2731,1610612755
2731,1610612764
2732,1610612744
2732,1610612753
2732,1610612765
2732,1610612766
2733,1610612739
2733,1610612744
2733,1610612745
2733,1610612749
2733,1610612751
2733,1610612760
2733,1610612764
2733,1610612766
2734,1610612737
2734,1610612742
2734,1610612743
2734,1610612751
2734,1610612762
2735,1610612740
2735,1610612743
2735,1610612751
2735,1610612756
2735,1610612764
2736,1610612739
2736,1610612741
2736,1610612747
2736,1610612748
2736,1610612750
2738,1610612743
2738,1610612744
2738,1610612755
2738,1610612763
2739,1610612763
2740,1610612744
2740,1610612762
2742,1610612739
2742,1610612746
2742,1610612750
2742,1610612756
2742,1610612760
2742,1610612761
2743,1610612737
2743,1610612738
2743,1610612742
2743,1610612751
2743,1610612755
2743,1610612756
2743,1610612764
2744,1610612750
2744,1610612754
2744,1610612762
2744,1610612766
2746,1610612737
2746,1610612740
2746,1610612745
2746,1610612746
2746,1610612765
2747,1610612739
2747,1610612743
2747,1610612752
2748,1610612744
2748,1610612746
2748,1610612748
2748,1610612755
2748,1610612757
2749,1610612738
2749,1610612740
2749,1610612742
2749,1610612743
2749,1610612753
2749,1610612765
2753,1610612738
2753,1610612739
2753,1610612742
2754,1610612738
2754,1610612740
2754,1610612763
2755,1610612745
2755,1610612750
2755,1610612758
2755,1610612759
2755,1610612760
2756,1610612746
2756,1610612747
2756,1610612751
2756,1610612752
2757,1610612748
2757,1610612749
2757,1610612752
2757,1610612753
2757,1610612758
2757,1610612763
2757,1610612765
2760,1610612739
2760,1610612744
2765,1610612741
2765,1610612751
2767,1610612737
2767,1610612749
2767,1610612755
2767,1610612760
2768,1610612747
2768,1610612752
2768,1610612753
2772,1610612740
2772,1610612745
2772,1610612756
2772,1610612758
2772,1610612764
2773,1610612744
2788,1610612740
2788,1610612747
2788,1610612752
2804,1610612755
2804,1610612758
2853,1610612737
2853,1610612740
2853,1610612744
2853,1610612749
2853,1610612752
2853,1610612756
2853,1610612757
2853,1610612764
2857,1610612739
2857,1610612763
2863,1610612737
2863,1610612750
2863,1610612754
2863,1610612755
2863,1610612763
2863,1610612765
2863,1610612766
2876,1610612750
101106,1610612739
101106,1610612742
101106,1610612744
101106,1610612747
101106,1610612749
101107,1610612737
101107,1610612762
101107,1610612766
101108,1610612740
101108,1610612745
101108,1610612746
101108,1610612760
101109,1610612742
101109,1610612743
101109,1610612746
101109,1610612752
101109,1610612757
101109,1610612760
101109,1610612766
101110,1610612750
101110,1610612757
101110,1610612764
101111,1610612742
101111,1610612765
101112,1610612739
101112,1610612747
101112,1610612753
101112,1610612756
101113,1610612746
101113,1610612752
101113,1610612756
101113,1610612759
101113,1610612765
101114,1610612739
101114,1610612742
101114,1610612751
101114,1610612762
101115,1610612739
101115,1610612747
101115,1610612754
101118,1610612758
101120,1610612758
101120,1610612761
101121,1610612739
101121,1610612743
101122,1610612746
101122,1610612748
101122,1610612754
101122,1610612755
101122,1610612756
101122,1610612765
101123,1610612738
101123,1610612745
101123,1610612747
101123,1610612748
101123,1610612749
101123,1610612751
101123,1610612754
101123,1610612756
101124,1610612740
101124,1610612741
101124,1610612749
101124,1610612756
101124,1610612766
101126,1610612738
101126,1610612740
101126,1610612741
101126,1610612743
101126,1610612744
101126,1610612746
101126,1610612752
101126,1610612760
101127,1610612737
101127,1610612739
101127,1610612740
101127,1610612744
101127,1610612751
101127,1610612752
101127,1610612761
101128,1610612745
101128,1610612758
101129,1610612754
101129,1610612758
101130,1610612737
101130,1610612743
101130,1610612751
101131,1610612753
101131,1610612765
101131,1610612766
101132,1610612761
101133,1610612742
101133,1610612754
101133,1610612759
101133,1610612764
101135,1610612738
101135,1610612742
101135,1610612744
101135,1610612752
101135,1610612759
101138,1610612738
101138,1610612746
101138,1610612747
101138,1610612753
101139,1610612739
101139,1610612754
101139,1610612761
101139,1610612762
101139,1610612763
101139,1610612764
101141,1610612737
101141,1610612749
101141,1610612753
101141,1610612755
101141,1610612760
101141,1610612765
101142,1610612744
101142,1610612746
101142,1610612748
101142,1610612750
101142,1610612752
101142,1610612755
101142,1610612764
101143,1610612754
101143,1610612757
101144,1610612738
101144,1610612742
101144,1610612753
101145,1610612742
101145,1610612744
101145,1610612749
101145,1610612754
101146,1610612749
101150,1610612737
101150,1610612745
101150,1610612746
101150,1610612747
101150,1610612755
101150,1610612761
101153,1610612747
101153,1610612750
101154,1610612751
101154,1610612764
101155,1610612746
101155,1610612750
101155,1610612760
101158,1610612749
101158,1610612751
101160,1610612754
101161,1610612738
101161,1610612755
101161,1610612761
101162,1610612746
101162,1610612753
101162,1610612756
101162,1610612764
101177,1610612757
101177,1610612764
101179,1610612747
101179,1610612753
101179,1610612756
101179,1610612757
101179,1610612760
101179,1610612762
101181,1610612737
101181,1610612739
101181,1610612742
101181,1610612747
101181,1610612752
101181,1610612761
101181,1610612765
101183,1610612738
101183,1610612748
101183,1610612756
101183,1610612757
101183,1610612764
101187,1610612746
101187,1610612751
101187,1610612761
101187,1610612764
101189,1610612742
101189,1610612764
101194,1610612746
101198,1610612737
101198,1610612738
101198,1610612764
101198,1610612765
101204,1610612744
101204,1610612756
101204,1610612759
101204,1610612762
101208,1610612762
101209,1610612750
101209,1610612752
101211,1610612749
101211,1610612751
101211,1610612766
101214,1610612739
101215,1610612745
101215,1610612750
101217,1610612764
101223,1610612737
101223,1610612744
101232,1610612741
101235,1610612739
101235,1610612742
101235,1610612744
101236,1610612745
101236,1610612746
101236,1610612758
101236,1610612761
101249,1610612741
101249,1610612748
101249,1610612750
101249,1610612761
101249,1610612762
101249,1610612764
101249,1610612765
162777,1610612744
200081,1610612739
200081,1610612746
200081,1610612766
200575,1610612745
200745,1610612751
200745,1610612752
200745,1610612761
200746,1610612757
200746,1610612759
200747,1610612747
200747,1610612757
200747,1610612764
200748,1610612741
200748,1610612763
200748,1610612766
200749,1610612738
200749,1610612743
200749,1610612751
200749,1610612752
200750,1610612750
200750,1610612757
200751,1610612743
200751,1610612746
200751,1610612751
200751,1610612760
200751,1610612762
200751,1610612764
200752,1610612758
200752,1610612759
200752,1610612761
200752,1610612763
200753,1610612761
200753,1610612766
200755,1610612740
200755,1610612746
200755,1610612749
200755,1610612753
200755,1610612755
200756,1610612737
200756,1610612740
200756,1610612744
200756,1610612745
200756,1610612754
200756,1610612758
200756,1610612764
200757,1610612737
200757,1610612745
200757,1610612760
200757,1610612762
200758,1610612741
200758,1610612745
200758,1610612752
200758,1610612760
200758,1610612762
200758,1610612763
200760,1610612744
200760,1610612748
200760,1610612755
200760,1610612763
200761,1610612747
200761,1610612748
200761,1610612751
200761,1610612752
200761,1610612765
200762,1610612743
200762,1610612750
200763,1610612761
200764,1610612742
200764,1610612743
200764,1610612752
200765,1610612738
200765,1610612740
200765,1610612741
200765,1610612742
200765,1610612747
200765,1610612758
200766,1610612758
200766,1610612763
200767,1610612751
200768,1610612745
200768,1610612761
200769,1610612747
200769,1610612748
200769,1610612752
200769,1610612756
200769,1610612759
200770,1610612746
200770,1610612747
200770,1610612751
200770,1610612758
200770,1610612763
200771,1610612752
200771,1610612755
200771,1610612758
200772,1610612750
200776,1610612746
200777,1610612757
200778,1610612743
200778,1610612752
200779,1610612742
200779,1610612746
200779,1610612749
200779,1610612752
200779,1610612759
200779,1610612760
200779,1610612761
200779,1610612762
200780,1610612740
200780,1610612741
200780,1610612746
200780,1610612752
200780,1610612753
200780,1610612754
200780,1610612756
200781,1610612764
200782,1610612745
200782,1610612756
200782,1610612761
200783,1610612746
200783,1610612757
200789,1610612739
200792,1610612745
200792,1610612762
200793,1610612742
200794,1610612737
200794,1610612743
200794,1610612762
200796,1610612739
200796,1610612763
200797,1610612738
200797,1610612739
200797,1610612746
200797,1610612750
200797,1610612758
200797,1610612763
200797,1610612764
200807,1610612751
200809,1610612739
200809,1610612748
200809,1610612751
200809,1610612755
200809,1610612759
200809,1610612762
200811,1610612739
200811,1610612740
200811,1610612741
200811,1610612744
200811,1610612746
200811,1610612750
200811,1610612752
200811,1610612754
200811,1610612756
200813,1610612764
200814,1610612744
200817,1610612758
200821,1610612748
200821,1610612763
200822,1610612740
200822,1610612745
200822,1610612761
200822,1610612764
200826,1610612742
200826,1610612750
200839,1610612745
200839,1610612750
200839,1610612760
200839,1610612762
200839,1610612764
200847,1610612755
200852,1610612759
200894,1610612737
200894,1610612766
200918,1610612754
200971,1610612766
200984,1610612754
201041,1610612760
201041,1610612765
201043,1610612737
201141,1610612748
201141,1610612757
201142,1610612744
201142,1610612751
201142,1610612760
201143,1610612737
201143,1610612738
201143,1610612755
201144,1610612762
201144,1610612763
201145,1610612738
201145,1610612739
201145,1610612746
201145,1610612753
201145,1610612760
201145,1610612762
201145,1610612763
201145,1610612764
201146,1610612742
201146,1610612747
201146,1610612751
201146,1610612764
201147,1610612742
201147,1610612743
201147,1610612745
201147,1610612747
201147,1610612750
201147,1610612752
201147,1610612755
201147,1610612758
201147,1610612760
201148,1610612738
201148,1610612742
201148,1610612744
201148,1610612745
201148,1610612751
201148,1610612756
201148,1610612763
201149,1610612741
201149,1610612752
201149,1610612763
201150,1610612739
201150,1610612746
201150,1610612749
201150,1610612755
201150,1610612758
201150,1610612766
201151,1610612741
201151,1610612744
201151,1610612763
201151,1610612766
201152,1610612741
201152,1610612750
201152,1610612751
201152,1610612754
201152,1610612755
201153,1610612740
201153,1610612761
201154,1610612744
201154,1610612746
201154,1610612764
201155,1610612754
201155,1610612765
201156,1610612743
201156,1610612744
201156,1610612746
201156,1610612747
201156,1610612755
201156,1610612764
201157,1610612738
201157,1610612742
201157,1610612751
201158,1610612737
201158,1610612740
201158,1610612741
201158,1610612755
201158,1610612758
201158,1610612759
201158,1610612761
201158,1610612766
201159,1610612764
201159,1610612766
201160,1610612740
201160,1610612749
201160,1610612752
201160,1610612753
201160,1610612755
201160,1610612764
201161,1610612741
201161,1610612745
201161,1610612748
201161,1610612760
201162,1610612746
201162,1610612747
201162,1610612749
201162,1610612751
201162,1610612756
201162,1610612764
201163,1610612743
201163,1610612746
201163,1610612751
201163,1610612752
201163,1610612755
201164,1610612743
201164,1610612757
201165,1610612753
201165,1610612764
201166,1610612741
201166,1610612743
201166,1610612745
201166,1610612750
201166,1610612754
201166,1610612756
201166,1610612758
201167,1610612743
201167,1610612752
201167,1610612753
201167,1610612757
201167,1610612758
201168,1610612737
201168,1610612755
201168,1610612759
201169,1610612749
201169,1610612750
201169,1610612756
201171,1610612740
201171,1610612744
201171,1610612745
201171,1610612755
201171,1610612758
201173,1610612743
201173,1610612759
201175,1610612738
201175,1610612746
201175,1610612753
201177,1610612742
201177,1610612747
201177,1610612748
201177,1610612753
201177,1610612754
201177,1610612766
201178,1610612741
201178,1610612750
201178,1610612754
201178,1610612762
201181,1610612741
201182,1610612741
201182,1610612748
201182,1610612759
201183,1610612742
201186,1610612738
201187,1610612740
201187,1610612744
201187,1610612754
201187,1610612758
201187,1610612761
201187,1610612762
201187,1610612764
201187,1610612766
201188,1610612761
201188,1610612763
201189,1610612740
201189,1610612741
201189,1610612758
201189,1610612761
201189,1610612765
201191,1610612746
201191,1610612751
201193,1610612754
201193,1610612762
201196,1610612739
201196,1610612747
201196,1610612749
201196,1610612750
201196,1610612752
201196,1610612758
201196,1610612764
201196,1610612766
201199,1610612740
201202,1610612738
201202,1610612748
201202,1610612749
201202,1610612759
201202,1610612765
201203,1610612740
201203,1610612750
201203,1610612760
201203,1610612764
201207,1610612739
201207,1610612744
201207,1610612757
201208,1610612739
201208,1610612740
201225,1610612756
201228,1610612741
201228,1610612744
201228,1610612751
201228,1610612753
201228,1610612754
201229,1610612737
201229,1610612744
201229,1610612748
201229,1610612750
201229,1610612756
201229,1610612757
201229,1610612758
201229,1610612765
201229,1610612766
201230,1610612759
201234,1610612740
201234,1610612747
201234,1610612758
201234,1610612761
201235,1610612737
201238,1610612737
201238,1610612738
201238,1610612751
201242,1610612763
201266,1610612765
201274,1610612737
201274,1610612742
201281,1610612747
201286,1610612737
201286,1610612759
201286,1610612762
201291,1610612737
201291,1610612740
201336,1610612754
201336,1610612762
201351,1610612754
201446,1610612763
201563,1610612745
201563,1610612747
201563,1610612748
201563,1610612749
201563,1610612750
201563,1610612752
201563,1610612756
201563,1610612763
201564,1610612742
201564,1610612749
201564,1610612763
201565,1610612739
201565,1610612741
201565,1610612750
201565,1610612752
201565,1610612765
201566,1610612745
201566,1610612760
201567,1610612739
201567,1610612750
201568,1610612743
201568,1610612746
201568,1610612752
201568,1610612760
201569,1610612740
201569,1610612745
201569,1610612746
201570,1610612740
201570,1610612741
201571,1610612741
201571,1610612743
201571,1610612753
201571,1610612754
201571,1610612760
201571,1610612761
201571,1610612765
201571,1610612766
201572,1610612747
201572,1610612749
201572,1610612751
201573,1610612738
201573,1610612740
201573,1610612749
201573,1610612750
201573,1610612755
201573,1610612757
201573,1610612761
201573,1610612763
201574,1610612744
201574,1610612758
201574,1610612761
201575,1610612744
201575,1610612749
201575,1610612750
201575,1610612754
201575,1610612762
201576,1610612743
201576,1610612744
201576,1610612750
201576,1610612752
201577,1610612740
201577,1610612741
201577,1610612749
201577,1610612752
201577,1610612756
201577,1610612757
201578,1610612739
201578,1610612744
201578,1610612746
201578,1610612753
201578,1610612755
201578,1610612763
201579,1610612743
201579,1610612747
201579,1610612749
201579,1610612754
201579,1610612766
201580,1610612742
201580,1610612743
201580,1610612744
201580,1610612747
201580,1610612755
201580,1610612764
201581,1610612739
201581,1610612743
201581,1610612757
201581,1610612758
201581,1610612764
201582,1610612740
201582,1610612742
201582,1610612761
201582,1610612766
201583,1610612740
201583,1610612745
201583,1610612748
201583,1610612753
201583,1610612756
201584,1610612738
201584,1610612742
201584,1610612745
201584,1610612751
201584,1610612752
201584,1610612763
201584,1610612766
201585,1610612743
201585,1610612750
201585,1610612758
201585,1610612762
201585,1610612763
201586,1610612753
201586,1610612760
201586,1610612761
201587,1610612757
201587,1610612766
201588,1610612739
201588,1610612749
201588,1610612754
201588,1610612758
201588,1610612759
201588,1610612762
201589,1610612743
201589,1610612756
201589,1610612763
201590,1610612758
201590,1610612763
201591,1610612738
201591,1610612741
201591,1610612760
201591,1610612766
201592,1610612738
201592,1610612752
201593,1610612750
201594,1610612763
201595,1610612745
201595,1610612758
201595,1610612761
201596,1610612748
201596,1610612763
201599,1610612742
201599,1610612746
201599,1610612751
201599,1610612752
201600,1610612740
201600,1610612741
201600,1610612745
201601,1610612745
201601,1610612746
201601,1610612749
201601,1610612750
201601,1610612755
201601,1610612758
201602,1610612741
201602,1610612760
201602,1610612762
201602,1610612763
201603,1610612755
201603,1610612756
201603,1610612761
201604,1610612740
201604,1610612742
201604,1610612746
201604,1610612747
201604,1610612749
201604,1610612751
201604,1610612752
201604,1610612766
201605,1610612742
201605,1610612750
201606,1610612755
201607,1610612740
201607,1610612752
201609,1610612745
201609,1610612748
201609,1610612756
201610,1610612746
201610,1610612755
201611,1610612738
201611,1610612748
201611,1610612752
201612,1610612759
201616,1610612739
201616,1610612749
201616,1610612758
201616,1610612762
201619,1610612739
201620,1610612759
201621,1610612752
201621,1610612758
201622,1610612765
201623,1610612738
201623,1610612739
201627,1610612737
201627,1610612740
201627,1610612741
201627,1610612742
201627,1610612744
201627,1610612751
201627,1610612757
201627,1610612760
201628,1610612740
201628,1610612745
201628,1610612746
201629,1610612737
201632,1610612756
201632,1610612763
201633,1610612738
201633,1610612739
201635,1610612758
201645,1610612748
201645,1610612760
201645,1610612763
201646,1610612751
201647,1610612746
201648,1610612737
201649,1610612765
201651,1610612751
201776,1610612747
201781,1610612739
201785,1610612750
201785,1610612756
201785,1610612759
201785,1610612762
201785,1610612764
201792,1610612740
201802,1610612738
201805,1610612744
201805,1610612752
201814,1610612743
201814,1610612745
201814,1610612751
201814,1610612761
201820,1610612763
201821,1610612762
201821,1610612763
201831,1610612758
201834,1610612751
201848,1610612760
201858,1610612737
201858,1610612741
201858,1610612744
201858,1610612764
201858,1610612765
201880,1610612738
201880,1610612740
201880,1610612750
201880,1610612753
201880,1610612757
201880,1610612761
201933,1610612746
201933,1610612765
201934,1610612745
201934,1610612757
201934,1610612760
201934,1610612763
201934,1610612765
201935,1610612745
201935,1610612760
201936,1610612740
201936,1610612754
201936,1610612758
201936,1610612763
201937,1610612750
201937,1610612756
201937,1610612762
201938,1610612745
201938,1610612750
201938,1610612757
201938,1610612765
201939,1610612744
201941,1610612745
201941,1610612747
201941,1610612750
201941,1610612752
201941,1610612754
201942,1610612759
201942,1610612761
201943,1610612749
201943,1610612752
201943,1610612753
201943,1610612764
201943,1610612765
201944,1610612738
201944,1610612745
201944,1610612751
201944,1610612758
201944,1610612765
201945,1610612755
201945,1610612757
201945,1610612766
201946,1610612754
201946,1610612761
201946,1610612766
201947,1610612739
201947,1610612747
201947,1610612751
201947,1610612752
201947,1610612753
201947,1610612756
201947,1610612763
201948,1610612737
201948,1610612739
201948,1610612759
201948,1610612761
201948,1610612763
201948,1610612765
201949,1610612737
201949,1610612741
201949,1610612748
201949,1610612758
201949,1610612761
201949,1610612763
201950,1610612740
201950,1610612755
201951,1610612743
201951,1610612745
201951,1610612754
201951,1610612758
201951,1610612764
201952,1610612737
201952,1610612750
201952,1610612754
201953,1610612755
201953,1610612757
201953,1610612760
201953,1610612762
201953,1610612764
201954,1610612740
201954,1610612742
201954,1610612746
201954,1610612754
201954,1610612758
201956,1610612739
201956,1610612740
201956,1610612744
201956,1610612745
201956,1610612750
201956,1610612758
201956,1610612763
201957,1610612746
201957,1610612755
201957,1610612760
201957,1610612766
201958,1610612742
201959,1610612741
201959,1610612750
201959,1610612752
201959,1610612760
201960,1610612737
201960,1610612743
201960,1610612745
201960,1610612751
201960,1610612759
201960,1610612761
201960,1610612762
201960,1610612763
201961,1610612739
201961,1610612742
201961,1610612747
201961,1610612748
201961,1610612750
201961,1610612751
201961,1610612752
201961,1610612763
201961,1610612765
201962,1610612739
201962,1610612740
201962,1610612744
201962,1610612745
201962,1610612748
201962,1610612752
201962,1610612754
201962,1610612758
201962,1610612763
201963,1610612739
201963,1610612747
201964,1610612757
201965,1610612746
201965,1610612754
201965,1610612757
201965,1610612759
201966,1610612739
201966,1610612745
201966,1610612750
201966,1610612758
201967,1610612740
201967,1610612750
201967,1610612751
201967,1610612757
201967,1610612759
201967,1610612763
201967,1610612766
201969,1610612740
201969,1610612746
201969,1610612752
201969,1610612765
201969,1610612766
201970,1610612754
201970,1610612755
201970,1610612763
201971,1610612742
201971,1610612759
201971,1610612764
201972,1610612749
201972,1610612758
201973,1610612738
201973,1610612744
201973,1610612762
201973,1610612765
201974,1610612752
201974,1610612759
201974,1610612766
201975,1610612747
201975,1610612749
201975,1610612753
201975,1610612755
201975,1610612761
201975,1610612764
201975,1610612765
201976,1610612745
201976,1610612746
201976,1610612748
201977,1610612738
201977,1610612740
201977,1610612745
201977,1610612751
201977,1610612756
201977,1610612758
201977,1610612764
201978,1610612745
201978,1610612750
201978,1610612751
201978,1610612754
201978,1610612756
201979,1610612763
201980,1610612739
201980,1610612747
201980,1610612759
201980,1610612761
201981,1610612756
201981,1610612766
201983,1610612762
201985,1610612739
201985,1610612750
201985,1610612754
201985,1610612756
201985,1610612764
201986,1610612759
201986,1610612761
201988,1610612757
201988,1610612759
201991,1610612738
201991,1610612739
201991,1610612746
201991,1610612762
201991,1610612763
201991,1610612764
201993,1610612748
201998,1610612740
201998,1610612759
201999,1610612752
202065,1610612744
202066,1610612745
202066,1610612746
202066,1610612748
202066,1610612749
202066,1610612751
202066,1610612758
202066,1610612759
202066,1610612763
202066,1610612764
202066,1610612766
202067,1610612745
202068,1610612738
202068,1610612747
202068,1610612749
202068,1610612752
202068,1610612756
202068,1610612758
202069,1610612743
202070,1610612747
202070,1610612763
202071,1610612747
202074,1610612757
202075,1610612739
202075,1610612754
202076,1610612747
202077,1610612740
202077,1610612746
202077,1610612756
202077,1610612761
202077,1610612762
202078,1610612763
202079,1610612745
202079,1610612760
202079,1610612766
202081,1610612737
202081,1610612756
202082,1610612740
202082,1610612751
202082,1610612759
202082,1610612764
202083,1610612742
202083,1610612749
202083,1610612752
202083,1610612754
202083,1610612757
202083,1610612762
202087,1610612739
202087,1610612740
202087,1610612743
202087,1610612757
202087,1610612759
202087,1610612764
202091,1610612738
202091,1610612739
202091,1610612740
202091,1610612755
202091,1610612756
202130,1610612740
202130,1610612744
202130,1610612745
202130,1610612748
202130,1610612759
202130,1610612760
202130,1610612766
202132,1610612739
202132,1610612759
202132,1610612764
202148,1610612744
202148,1610612748
202148,1610612753
202175,1610612754
202178,1610612750
202178,1610612751
202178,1610612754
202178,1610612761
202178,1610612762
202197,1610612739
202197,1610612743
202213,1610612758
202217,1610612748
202220,1610612756
202221,1610612762
202227,1610612740
202227,1610612748
202238,1610612748
202322,1610612764
202323,1610612737
202323,1610612738
202323,1610612754
202323,1610612755
202323,1610612757
202324,1610612740
202324,1610612751
202324,1610612762
202325,1610612740
202325,1610612746
202325,1610612747
202325,1610612750
202325,1610612756
202325,1610612764
202326,1610612740
202326,1610612744
202326,1610612747
202326,1610612758
202327,1610612744
202327,1610612746
202327,1610612749
202327,1610612762
202328,1610612738
202328,1610612749
202328,1610612755
202328,1610612756
202328,1610612761
202328,1610612765
202329,1610612740
202329,1610612742
202329,1610612746
202329,1610612753
202329,1610612757
202330,1610612738
202330,1610612762
202331,1610612746
202331,1610612754
202331,1610612760
202332,1610612737
202332,1610612745
202332,1610612746
202332,1610612750
202332,1610612752
202332,1610612758
202332,1610612760
202333,1610612740
202333,1610612744
202333,1610612747
202333,1610612763
202334,1610612747
202334,1610612751
202334,1610612757
202334,1610612761
202334,1610612762
202334,1610612763
202335,1610612745
202335,1610612746
202335,1610612758
202335,1610612760
202335,1610612761
202336,1610612739
202336,1610612749
202337,1610612737
202337,1610612740
202337,1610612748
202337,1610612757
202338,1610612752
202338,1610612754
202338,1610612764
202339,1610612746
202339,1610612749
202339,1610612756
202340,1610612738
202340,1610612746
202340,1610612747
202340,1610612763
202340,1610612765
202341,1610612737
202341,1610612745
202341,1610612755
202341,1610612758
202341,1610612759
202342,1610612755
202343,1610612739
202343,1610612740
202343,1610612744
202343,1610612755
202343,1610612757
202343,1610612762
202343,1610612763
202343,1610612766
202344,1610612751
202344,1610612754
202344,1610612755
202344,1610612762
202344,1610612764
202345,1610612737
202345,1610612743
202345,1610612751
202345,1610612759
202345,1610612764
202346,1610612742
202347,1610612740
202347,1610612741
202347,1610612759
202347,1610612763
202348,1610612737
202348,1610612738
202348,1610612740
202348,1610612741
202348,1610612744
202348,1610612764
202349,1610612740
202349,1610612749
202349,1610612751
202349,1610612758
202349,1610612761
202349,1610612763
202350,1610612753
202350,1610612755
202350,1610612760
202350,1610612764
202351,1610612740
202351,1610612750
202351,1610612760
202353,1610612762
202354,1610612737
202354,1610612741
202354,1610612748
202354,1610612763
202355,1610612748
202355,1610612757
202355,1610612758
202355,1610612763
202356,1610612751
202356,1610612753
202356,1610612757
202357,1610612750
202357,1610612758
202358,1610612740
202358,1610612756
202358,1610612765
202359,1610612749
202360,1610612752
202360,1610612760
202360,1610612761
202361,1610612752
202361,1610612761
202362,1610612740
202362,1610612746
202362,1610612747
202362,1610612750
202362,1610612754
202362,1610612763
202362,1610612766
202363,1610612738
202363,1610612741
202363,1610612748
202363,1610612755
202365,1610612742
202365,1610612747
202366,1610612740
202366,1610612751
202366,1610612752
202366,1610612763
202371,1610612755
202371,1610612756
202371,1610612759
202374,1610612740
202374,1610612761
202375,1610612737
202375,1610612754
202376,1610612738
202376,1610612739
202377,1610612737
202378,1610612746
202379,1610612737
202379,1610612742
202379,1610612754
202379,1610612762
202380,1610612758
202380,1610612764
202382,1610612747
202383,1610612753
202385,1610612760
202386,1610612739
202386,1610612743
202386,1610612751
202386,1610612761
202386,1610612766
202388,1610612737
202388,1610612739
202388,1610612740
202388,1610612743
202388,1610612751
202388,1610612754
202388,1610612764
202389,1610612739
202389,1610612743
202389,1610612747
202389,1610612751
202389,1610612752
202389,1610612753
202390,1610612737
202390,1610612749
202390,1610612750
202390,1610612759
202390,1610612764
202390,1610612766
202391,1610612737
202391,1610612744
202391,1610612745
202391,1610612747
202391,1610612751
202391,1610612752
202391,1610612761
202391,1610612766
202392,1610612745
202392,1610612746
202393,1610612744
202394,1610612743
202394,1610612756
202395,1610612766
202396,1610612739
202397,1610612740
202397,1610612744
202397,1610612745
202397,1610612749
202397,1610612753
202397,1610612755
202397,1610612756
202397,1610612760
202397,1610612763
202397,1610612764
202397,1610612765
202399,1610612740
202399,1610612744
202399,1610612745
202399,1610612749
202399,1610612750
202399,1610612766
202400,1610612748
202402,1610612764
202404,1610612747
202406,1610612740
202406,1610612760
202407,1610612749
202407,1610612756
202407,1610612760
202407,1610612762
202408,1610612759
202408,1610612762
202409,1610612737
202410,1610612737
202411,1610612737
202412,1610612739
202412,1610612742
202412,1610612747
202412,1610612753
202416,1610612746
202417,1610612746
202417,1610612751
202418,1610612754
202418,1610612766
202419,1610612738
202419,1610612739
202419,1610612740
202419,1610612748
202419,1610612750
202419,1610612757
202420,1610612743
202420,1610612747
202421,1610612762
202423,1610612749
202446,1610612738
202458,1610612740
202458,1610612742
202458,1610612759
202458,1610612761
202464,1610612743
202498,1610612740
202498,1610612751
202498,1610612752
202498,1610612760
202513,1610612741
202518,1610612738
202536,1610612751
202545,1610612756
202545,1610612759
202550,1610612765
202586,1610612738
202620,1610612739
202620,1610612740
202620,1610612750
202620,1610612753
202620,1610612754
202622,1610612745
202622,1610612746
202681,1610612738
202681,1610612739
202681,1610612751
202682,1610612739
202682,1610612747
202682,1610612748
202682,1610612750
202682,1610612752
202682,1610612758
202683,1610612738
202683,1610612752
202683,1610612757
202683,1610612760
202683,1610612762
202684,1610612739
202685,1610612761
202685,1610612763
202686,1610612743
202686,1610612764
202687,1610612753
202687,1610612761
202687,1610612766
202688,1610612739
202688,1610612745
202688,1610612749
202688,1610612756
202688,1610612765
202689,1610612738
202689,1610612766
202690,1610612740
202690,1610612741
202690,1610612752
202690,1610612756
202690,1610612758
202690,1610612759
202691,1610612744
202692,1610612739
202692,1610612744
202692,1610612758
202692,1610612762
202693,1610612756
202693,1610612760
202693,1610612764
202693,1610612765
202694,1610612738
202694,1610612745
202694,1610612752
202694,1610612756
202694,1610612765
202695,1610612746
202695,1610612759
202695,1610612761
202696,1610612753
202696,1610612755
202697,1610612739
202697,1610612745
202697,1610612751
202697,1610612752
202697,1610612758
202698,1610612754
202698,1610612764
202699,1610612746
202699,1610612749
202699,1610612753
202699,1610612755
202699,1610612765
202700,1610612740
202700,1610612745
202700,1610612759
202701,1610612757
202702,1610612743
202702,1610612745
202702,1610612751
202703,1610612740
202703,1610612741
202703,1610612749
202704,1610612760
202704,1610612765
202705,1610612738
202705,1610612744
202705,1610612747
202705,1610612751
202705,1610612763
202706,1610612740
202706,1610612743
202706,1610612745
202706,1610612746
202706,1610612761
202707,1610612738
202707,1610612745
202708,1610612740
202708,1610612748
202708,1610612760
202709,1610612754
202709,1610612758
202709,1610612759
202709,1610612761
202710,1610612741
202710,1610612748
202710,1610612750
202710,1610612755
202711,1610612751
202711,1610612754
202711,1610612762
202711,1610612764
202712,1610612751
202712,1610612753
202712,1610612755
202712,1610612765
202713,1610612760
202713,1610612765
202714,1610612737
202714,1610612753
202714,1610612755
202714,1610612762
202714,1610612763
202714,1610612764
202714,1610612766
202715,1610612758
202716,1610612751
202717,1610612746
202718,1610612737
202718,1610612742
202718,1610612745
202718,1610612763
202719,1610612737
202719,1610612744
202719,1610612745
202719,1610612747
202719,1610612752
202720,1610612739
202720,1610612749
202720,1610612756
202720,1610612763
202720,1610612765
202721,1610612740
202721,1610612746
202721,1610612747
202721,1610612751
202721,1610612755
202721,1610612757
202721,1610612763
202722,1610612759
202722,1610612764
202723,1610612750
202723,1610612755
202724,1610612744
202724,1610612755
202725,1610612748
202725,1610612752
202725,1610612764
202725,1610612765
202726,1610612745
202726,1610612747
202727,1610612746
202727,1610612762
202728,1610612737
202728,1610612744
202728,1610612748
202729,1610612763
202730,1610612754
202730,1610612755
202730,1610612764
202731,1610612740
202731,1610612765
202732,1610612739
202732,1610612740
202732,1610612742
202732,1610612748
202732,1610612749
202732,1610612753
202732,1610612760
202734,1610612738
202734,1610612740
202734,1610612741
202734,1610612753
202738,1610612738
202738,1610612739
202738,1610612743
202738,1610612747
202738,1610612756
202738,1610612758
202738,1610612764
202770,1610612739
202775,1610612744
202775,1610612764
202779,1610612747
202779,1610612761
202779,1610612765
202792,1610612754
202797,1610612758
202808,1610612751
202809,1610612743
202809,1610612766
202810,1610612739
202810,1610612742
202810,1610612743
202814,1610612739
202814,1610612752
202815,1610612741
202820,1610612742
202820,1610612754
202841,1610612744
202862,1610612751
202872,1610612766
202874,1610612744
202874,1610612749
202874,1610612760
202874,1610612761
202880,1610612740
202904,1610612738
202912,1610612759
202918,1610612738
202918,1610612743
202918,1610612755
202918,1610612764
202933,1610612743
202933,1610612754
202933,1610612760
202933,1610612761
202933,1610612766
202935,1610612758
202951,1610612739
202951,1610612755
202951,1610612763
202952,1610612741
202952,1610612744
202952,1610612745
202952,1610612755
202952,1610612759
202952,1610612762
202954,1610612737
202954,1610612738
202956,1610612744
202957,1610612742
202959,1610612744
202961,1610612744
202962,1610612742
202962,1610612745
202962,1610612750
202963,1610612742
202970,1610612737
202970,1610612740
202970,1610612749
202970,1610612753
203006,1610612742
203076,1610612740
203076,1610612747
203077,1610612766
203078,1610612764
203079,1610612739
203079,1610612748
203079,1610612760
203080,1610612737
203080,1610612745
203080,1610612747
203080,1610612751
203080,1610612755
203080,1610612757
203080,1610612758
203081,1610612757
203082,1610612753
203082,1610612761
203083,1610612765
203084,1610612742
203084,1610612744
203084,1610612758
203085,1610612740
203085,1610612745
203085,1610612746
203085,1610612764
203086,1610612748
203086,1610612757
203087,1610612745
203087,1610612754
203087,1610612760
203087,1610612766
203088,1610612747
203088,1610612749
203088,1610612755
203088,1610612756
203089,1610612739
203089,1610612749
203090,1610612746
203090,1610612753
203090,1610612757
203091,1610612745
203091,1610612755
203091,1610612758
203092,1610612737
203092,1610612738
203092,1610612739
203092,1610612743
203092,1610612749
203092,1610612751
203092,1610612763
203093,1610612740
203093,1610612745
203093,1610612749
203094,1610612751
203094,1610612753
203094,1610612764
203095,1610612743
203095,1610612753
203096,1610612738
203096,1610612761
203097,1610612738
203097,1610612742
203098,1610612737
203098,1610612742
203098,1610612752
203098,1610612756
203098,1610612764
203099,1610612737
203099,1610612739
203099,1610612742
203099,1610612746
203099,1610612749
203099,1610612758
203100,1610612755
203100,1610612763
203101,1610612737
203101,1610612749
203101,1610612754
203101,1610612756
203101,1610612763
203101,1610612766
203102,1610612755
203103,1610612738
203103,1610612740
203103,1610612760
203104,1610612741
203104,1610612751
203104,1610612763
203105,1610612744
203105,1610612757
203106,1610612766
203107,1610612741
203107,1610612764
203108,1610612742
203109,1610612738
203109,1610612739
203109,1610612742
203109,1610612762
203109,1610612763
203110,1610612744
203111,1610612740
203111,1610612749
203111,1610612754
203111,1610612756
203111,1610612758
203112,1610612742
203112,1610612751
203112,1610612752
203112,1610612756
203112,1610612758
203112,1610612761
203113,1610612743
203113,1610612751
203113,1610612758
203113,1610612765
203114,1610612749
203114,1610612765
203115,1610612743
203115,1610612757
203116,1610612751
203117,1610612742
203117,1610612749
203117,1610612753
203118,1610612737
203118,1610612746
203118,1610612755
203118,1610612764
203119,1610612741
203119,1610612765
203120,1610612740
203120,1610612748
203120,1610612750
203120,1610612751
203120,1610612766
203121,1610612740
203122,1610612753
203122,1610612762
203123,1610612743
203123,1610612745
203124,1610612752
203124,1610612753
203124,1610612754
203124,1610612755
203126,1610612738
203126,1610612751
203126,1610612753
203128,1610612755
203129,1610612741
203129,1610612751
203130,1610612747
203130,1610612750
203130,1610612755
203133,1610612743
203133,1610612750
203135,1610612740
203135,1610612747
203136,1610612744
203138,1610612740
203138,1610612755
203138,1610612758
203138,1610612760
203139,1610612756
203139,1610612765
203141,1610612749
203141,1610612751
203141,1610612756
203142,1610612740
203142,1610612749
203142,1610612752
203142,1610612754
203143,1610612745
203143,1610612746
203143,1610612752
203144,1610612745
203144,1610612750
203144,1610612752
203144,1610612755
203145,1610612737
203145,1610612744
203145,1610612747
203145,1610612757
203146,1610612742
203146,1610612746
203146,1610612755
203147,1610612752
203148,1610612740
203148,1610612757
203148,1610612766
203149,1610612739
203149,1610612749
203153,1610612747
203154,1610612747
203155,1610612752
203156,1610612739
203156,1610612740
203156,1610612751
203156,1610612752
203156,1610612755
203156,1610612756
203156,1610612762
203157,1610612752
203158,1610612739
203158,1610612740
203159,1610612744
203159,1610612745
203159,1610612747
203159,1610612762
203160,1610612764
203162,1610612741
203162,1610612754
203163,1610612751
203164,1610612744
203174,1610612759
203176,1610612743
203176,1610612745
203178,1610612759
203180,1610612746
203183,1610612748
203183,1610612749
203183,1610612758
203185,1610612744
203186,1610612746
203186,1610612748
203186,1610612751
203186,1610612758
203186,1610612763
203186,1610612765
203187,1610612738
203187,1610612745
203187,1610612749
203187,1610612751
203187,1610612753
203187,1610612755
203187,1610612762
203187,1610612763
203190,1610612738
203191,1610612742
203192,1610612757
203193,1610612757
203193,1610612766
203195,1610612763
203196,1610612747
203197,1610612756
203197,1610612757
203197,1610612760
203197,1610612762
203198,1610612739
203199,1610612737
203199,1610612753
203199,1610612754
203199,1610612758
203200,1610612737
203200,1610612739
203200,1610612741
203200,1610612744
203200,1610612752
203200,1610612754
203200,1610612755
203200,1610612757
203200,1610612762
203200,1610612763
203201,1610612746
203201,1610612749
203203,1610612740
203203,1610612742
203204,1610612755
203206,1610612741
203210,1610612746
203210,1610612759
203210,1610612763
203262,1610612755
203263,1610612737
203263,1610612745
203263,1610612750
203263,1610612755
203263,1610612756
203268,1610612749
203268,1610612751
203268,1610612766
203315,1610612750
203315,1610612752
203315,1610612762
203315,1610612764
203317,1610612745
203318,1610612764
203327,1610612759
203382,1610612738
203382,1610612756
203382,1610612759
203382,1610612765
203457,1610612742
203457,1610612755
203457,1610612760
203458,1610612737
203458,1610612756
203459,1610612737
203459,1610612751
203459,1610612757
203460,1610612760
203461,1610612739
203461,1610612745
203461,1610612750
203461,1610612751
203461,1610612756
203461,1610612761
203462,1610612740
203462,1610612751
203462,1610612756
203462,1610612757
203463,1610612745
203463,1610612758
203463,1610612763
203464,1610612755
203464,1610612759
203466,1610612752
203467,1610612739
203467,1610612762
203467,1610612764
203468,1610612757
203469,1610612766
203471,1610612737
203471,1610612760
203472,1610612759
203473,1610612737
203473,1610612744
203473,1610612753
203473,1610612755
203473,1610612758
203473,1610612759
203474,1610612739
203474,1610612740
203474,1610612749
203474,1610612763
203475,1610612743
203475,1610612762
203476,1610612750
203477,1610612741
203477,1610612745
203477,1610612749
203477,1610612750
203477,1610612755
203477,1610612756
203477,1610612760
203479,1610612743
203479,1610612763
203480,1610612740
203480,1610612757
203480,1610612766
203481,1610612740
203481,1610612742
203481,1610612762
203482,1610612738
203482,1610612748
203483,1610612739
203484,1610612747
203484,1610612765
203485,1610612750
203485,1610612755
203485,1610612756
203485,1610612761
203485,1610612765
203486,1610612743
203486,1610612751
203486,1610612757
203487,1610612741
203487,1610612745
203487,1610612749
203487,1610612753
203487,1610612755
203487,1610612766
203488,1610612737
203488,1610612747
203488,1610612755
203488,1610612760
203489,1610612740
203489,1610612743
203489,1610612749
203489,1610612762
203490,1610612741
203490,1610612764
203491,1610612753
203491,1610612765
203492,1610612758
203492,1610612759
203492,1610612763
203492,1610612765
203492,1610612766
203493,1610612746
203493,1610612747
203493,1610612752
203493,1610612756
203493,1610612765
203494,1610612757
203495,1610612742
203495,1610612752
203496,1610612745
203496,1610612750
203496,1610612755
203497,1610612762
203498,1610612749
203498,1610612750
203499,1610612738
203499,1610612742
203499,1610612751
203499,1610612752
203500,1610612760
203501,1610612737
203501,1610612742
203501,1610612752
203502,1610612744
203502,1610612756
203502,1610612765
203503,1610612741
203503,1610612749
203503,1610612765
203504,1610612742
203504,1610612752
203504,1610612755
203504,1610612762
203504,1610612764
203505,1610612738
203505,1610612747
203505,1610612755
203506,1610612753
203506,1610612754
203506,1610612760
203507,1610612749
203508,1610612739
203508,1610612751
203509,1610612759
203510,1610612742
203510,1610612755
203511,1610612757
203511,1610612760
203511,1610612762
203512,1610612761
203513,1610612738
203513,1610612741
203513,1610612762
203515,1610612738
203515,1610612744
203515,1610612755
203515,1610612756
203515,1610612757
203516,1610612740
203516,1610612745
203516,1610612748
203516,1610612755
203516,1610612763
203516,1610612765
203517,1610612744
203518,1610612760
203519,1610612737
203519,1610612753
203519,1610612754
203519,1610612755
203519,1610612765
203520,1610612759
203521,1610612739
203521,1610612749
203524,1610612740
203524,1610612754
203524,1610612763
203526,1610612755
203526,1610612762
203527,1610612737
203527,1610612747
203528,1610612753
203529,1610612737
203529,1610612745
203530,1610612741
203530,1610612743
203530,1610612759
203530,1610612760
203539,1610612740
203539,1610612742
203540,1610612738
203540,1610612765
203543,1610612738
203544,1610612737
203545,1610612749
203545,1610612750
203546,1610612740
203546,1610612743
203546,1610612744
203546,1610612762
203547,1610612742
203547,1610612748
203547,1610612762
203547,1610612765
203548,1610612747
203551,1610612757
203551,1610612762
203552,1610612739
203552,1610612742
203552,1610612744
203552,1610612753
203552,1610612756
203552,1610612757
203552,1610612758
203552,1610612763
203556,1610612758
203558,1610612737
203560,1610612757
203560,1610612761
203561,1610612746
203561,1610612751
203561,1610612755
203564,1610612753
203564,1610612758
203564,1610612763
203564,1610612765
203565,1610612762
203565,1610612763
203566,1610612742
203568,1610612738
203569,1610612738
203569,1610612744
203576,1610612755
203577,1610612761
203579,1610612755
203580,1610612740
203580,1610612748
203580,1610612755
203583,1610612760
203584,1610612745
203584,1610612747
203584,1610612750
203584,1610612756
203584,1610612763
203584,1610612766
203585,1610612738
203585,1610612746
203585,1610612748
203585,1610612760
203586,1610612748
203586,1610612749
203587,1610612759
203588,1610612739
203589,1610612749
203590,1610612749
203590,1610612754
203613,1610612753
203613,1610612755
203613,1610612759
203629,1610612740
203648,1610612749
203648,1610612752
203658,1610612755
203687,1610612747
203687,1610612758
203687,1610612765
203705,1610612737
203705,1610612753
203710,1610612742
203710,1610612746
203710,1610612750
203710,1610612751
203798,1610612745
203798,1610612763
203798,1610612766
203805,1610612739
203805,1610612744
203805,1610612761
203810,1610612755
203810,1610612764
203816,1610612739
203816,1610612742
203816,1610612760
203893,1610612740
203893,1610612763
203894,1610612748
203894,1610612750
203894,1610612751
203894,1610612753
203894,1610612757
203895,1610612739
203895,1610612755
203895,1610612756
203895,1610612764
203897,1610612741
203897,1610612750
203898,1610612745
203898,1610612747
203898,1610612749
203898,1610612756
203900,1610612739
203900,1610612745
203900,1610612751
203900,1610612760
203901,1610612740
203901,1610612752
203901,1610612753
203901,1610612756
203902,1610612760
203903,1610612739
203903,1610612747
203905,1610612744
203906,1610612744
203906,1610612753
203907,1610612758
203909,1610612745
203909,1610612751
203909,1610612755
203909,1610612760
203909,1610612761
203910,1610612743
203910,1610612745
203910,1610612753
203910,1610612759
203912,1610612746
203912,1610612753
203912,1610612754
203912,1610612757
203913,1610612747
203914,1610612743
203915,1610612741
203915,1610612751
203915,1610612765
203917,1610612739
203917,1610612751
203917,1610612755
203917,1610612757
203917,1610612758
203918,1610612739
203918,1610612757
203918,1610612762
203919,1610612763
203920,1610612748
203920,1610612753
203921,1610612752
203922,1610612744
203922,1610612750
203922,1610612754
203922,1610612755
203922,1610612765
203923,1610612738
203923,1610612749
203923,1610612755
203924,1610612743
203924,1610612755
203924,1610612760
203925,1610612739
203925,1610612751
203926,1610612741
203926,1610612742
203926,1610612752
203926,1610612754
203926,1610612760
203927,1610612754
203928,1610612739
203928,1610612751
203928,1610612756
203929,1610612753
203930,1610612740
203930,1610612741
203930,1610612743
203930,1610612744
203930,1610612746
203930,1610612749
203930,1610612750
203930,1610612751
203932,1610612753
203933,1610612754
203933,1610612756
203934,1610612737
203934,1610612758
203935,1610612738
203937,1610612759
203937,1610612763
203939,1610612738
203939,1610612742
203940,1610612737
203940,1610612750
203940,1610612753
203942,1610612740
203943,1610612741
203943,1610612750
203943,1610612752
203943,1610612757
203943,1610612766
203944,1610612740
203944,1610612747
203944,1610612752
203945,1610612739
203946,1610612741
203947,1610612765
203948,1610612743
203948,1610612749
203948,1610612764
203948,1610612766
203949,1610612744
203949,1610612755
203950,1610612743
203950,1610612748
203950,1610612763
203951,1610612747
203951,1610612753
203952,1610612750
203953,1610612737
203953,1610612741
203953,1610612749
203953,1610612764
203954,1610612755
203955,1610612756
203955,1610612759
203955,1610612762
203955,1610612763
203956,1610612760
203957,1610612762
203958,1610612738
203958,1610612748
203959,1610612755
203960,1610612741
203960,1610612743
203960,1610612754
203960,1610612755
203960,1610612758
203961,1610612756
203961,1610612758
203961,1610612760
203961,1610612761
203961,1610612765
203962,1610612759
203962,1610612760
203963,1610612754
203964,1610612747
203965,1610612766
203966,1610612742
203966,1610612746
203966,1610612756
203967,1610612750
203967,1610612755
203967,1610612756
203968,1610612743
203968,1610612762
203990,1610612753
203990,1610612761
203991,1610612745
203992,1610612758
203994,1610612743
203994,1610612757
203996,1610612749
203996,1610612752
203998,1610612745
203998,1610612758
203998,1610612761
203998,1610612763
203999,1610612743
204001,1610612742
204001,1610612752
204002,1610612737
204002,1610612739
204014,1610612750
204014,1610612753
204014,1610612754
204020,1610612748
204020,1610612756
204021,1610612758
204022,1610612739
204022,1610612758
204022,1610612762
204024,1610612738
204025,1610612738
204025,1610612740
204025,1610612749
204025,1610612755
204025,1610612757
204025,1610612764
204025,1610612765
204026,1610612762
204027,1610612759
204028,1610612745
204028,1610612747
204029,1610612750
204029,1610612761
204030,1610612744
204033,1610612758
204034,1610612763
204037,1610612747
204037,1610612752
204038,1610612740
204038,1610612752
204038,1610612758
204038,1610612765
204039,1610612739
204039,1610612763
204040,1610612755
204040,1610612761
204041,1610612766
204044,1610612752
204053,1610612748
204054,1610612748
204054,1610612756
204060,1610612746
204060,1610612762
204061,1610612756
204062,1610612756
204063,1610612753
204064,1610612745
204064,1610612751
204065,1610612747
204065,1610612758
204065,1610612762
204066,1610612738
204066,1610612739
204067,1610612737
204067,1610612738
204067,1610612741
204067,1610612744
204067,1610612756
204067,1610612763
204067,1610612764
204071,1610612739
204075,1610612760
204076,1610612760
204077,1610612760
204078,1610612742
204079,1610612755
204080,1610612745
204098,1610612746
204098,1610612749
204098,1610612763
204136,1610612741
204179,1610612754
204179,1610612757
204179,1610612763
204189,1610612764
204192,1610612748
204215,1610612748
204222,1610612748
204289,1610612750
204310,1610612761
204456,1610612754
204456,1610612755
500032,1610612762
1626143,1610612740
1626143,1610612751
1626143,1610612755
1626144,1610612743
1626144,1610612752
1626144,1610612762
1626145,1610612750
1626145,1610612763
1626146,1610612740
1626146,1610612753
1626146,1610612757
1626147,1610612737
1626147,1610612742
1626147,1610612755
1626147,1610612764
1626148,1610612740
1626148,1610612747
1626148,1610612750
1626148,1610612753
1626148,1610612755
1626149,1610612745
1626149,1610612746
1626150,1610612739
1626150,1610612740
1626150,1610612744
1626150,1610612763
1626151,1610612742
1626151,1610612766
1626153,1610612742
1626153,1610612761
1626153,1610612763
1626154,1610612737
1626154,1610612738
1626154,1610612741
1626154,1610612745
1626155,1610612739
1626155,1610612745
1626155,1610612746
1626155,1610612764
1626156,1610612744
1626156,1610612747
1626156,1610612751
1626157,1610612750
1626158,1610612755
1626158,1610612756
1626158,1610612758
1626159,1610612748
1626160,1610612752
1626160,1610612755
1626161,1610612744
1626161,1610612758
1626162,1610612756
1626162,1610612764
1626163,1610612756
1626163,1610612766
1626164,1610612756
1626165,1610612742
1626166,1610612739
1626166,1610612741
1626166,1610612760
1626166,1610612761
1626167,1610612754
1626168,1610612743
1626168,1610612759
1626168,1610612762
1626169,1610612740
1626169,1610612761
1626169,1610612765
1626170,1610612741
1626170,1610612752
1626170,1610612753
1626171,1610612741
1626171,1610612752
1626171,1610612764
1626172,1610612744
1626173,1610612749
1626173,1610612751
1626173,1610612753
1626174,1610612740
1626174,1610612749
1626174,1610612755
1626174,1610612765
1626174,1610612766
1626175,1610612738
1626175,1610612748
1626176,1610612754
1626177,1610612760
1626178,1610612751
1626178,1610612761
1626179,1610612738
1626179,1610612766
1626180,1610612760
1626181,1610612761
1626182,1610612738
1626182,1610612739
1626182,1610612747
1626183,1610612746
1626183,1610612753
1626184,1610612752
1626184,1610612755
1626184,1610612764
1626185,1610612739
1626185,1610612753
1626185,1610612763
1626186,1610612748
1626187,1610612745
1626187,1610612747
1626188,1610612737
1626188,1610612739
1626188,1610612740
1626188,1610612742
1626188,1610612744
1626188,1610612747
1626189,1610612737
1626190,1610612760
1626191,1610612751
1626191,1610612764
1626191,1610612765
1626192,1610612749
1626192,1610612757
1626193,1610612747
1626195,1610612752
1626195,1610612766
1626196,1610612748
1626196,1610612755
1626199,1610612759
1626199,1610612765
1626201,1610612752
1626202,1610612754
1626203,1610612750
1626203,1610612751
1626203,1610612762
1626203,1610612766
1626204,1610612739
1626204,1610612747
1626205,1610612758
1626205,1610612763
1626207,1610612751
1626208,1610612759
1626209,1610612752
1626209,1610612753
1626209,1610612757
1626210,1610612751
1626210,1610612756
1626213,1610612761
1626214,1610612740
1626217,1610612745
1626219,1610612744
1626220,1610612762
1626224,1610612739
1626242,1610612748
1626242,1610612757
1626242,1610612765
1626245,1610612741
1626246,1610612742
1626246,1610612746
1626246,1610612755
1626246,1610612759
1626246,1610612765
1626251,1610612758
1626252,1610612761
1626253,1610612740
1626253,1610612743
1626253,1610612749
1626253,1610612761
1626254,1610612742
1626254,1610612752
1626257,1610612742
1626258,1610612738
1626259,1610612738
1626259,1610612761
1626260,1610612738
1626260,1610612739
1626261,1610612763
1626262,1610612738
1626263,1610612761
1626266,1610612749
1626266,1610612762
1626269,1610612745
1626270,1610612745
1626271,1610612756
1626272,1610612763
1626273,1610612747
1626275,1610612752
1626276,1610612752
1626279,1610612766
1626280,1610612766
1626281,1610612749
1626285,1610612750
1626288,1610612745
1626289,1610612758
1626290,1610612740
1626293,1610612737
1626294,1610612749
1626294,1610612764
1626295,1610612753
1626296,1610612737
1626296,1610612753
1626304,1610612759
1626305,1610612739
1626643,1610612755
1626780,1610612738
1626780,1610612742
1627098,1610612737
1627215,1610612738
1627215,1610612740
1627215,1610612741
1627215,1610612754
1627224,1610612744
1627258,1610612763
1627292,1610612754
1627293,1610612746
1627293,1610612763
1627322,1610612740
1627362,1610612744
1627362,1610612745
1627362,1610612747
1627362,1610612748
1627362,1610612763
1627362,1610612766
1627395,1610612763
1627496,1610612756
1627732,1610612755
1627733,1610612749
1627733,1610612756
1627734,1610612754
1627734,1610612760
1627735,1610612739
1627735,1610612757
1627735,1610612763
1627736,1610612743
1627737,1610612739
1627737,1610612744
1627737,1610612745
1627737,1610612756
1627738,1610612737
1627738,1610612763
1627739,1610612741
1627739,1610612750
1627740,1610612751
1627740,1610612752
1627740,1610612765
1627741,1610612740
1627741,1610612758
1627742,1610612740
1627742,1610612747
1627743,1610612738
1627743,1610612745
1627743,1610612747
1627743,1610612755
1627744,1610612746
1627744,1610612763
1627744,1610612765
1627745,1610612737
1627745,1610612744
1627746,1610612757
1627746,1610612758
1627747,1610612751
1627748,1610612749
1627748,1610612765
1627749,1610612759
1627750,1610612743
1627751,1610612759
1627751,1610612761
1627752,1610612737
1627752,1610612751
1627753,1610612745
1627754,1610612741
1627754,1610612746
1627755,1610612741
1627755,1610612744
1627755,1610612756
1627755,1610612758
1627756,1610612741
1627757,1610612747
1627757,1610612753
1627758,1610612752
1627758,1610612764
1627759,1610612738
1627760,1610612755
1627761,1610612737
1627762,1610612749
1627762,1610612762
1627763,1610612749
1627763,1610612754
1627765,1610612744
1627766,1610612758
1627766,1610612762
1627767,1610612740
1627767,1610612756
1627768,1610612766
1627770,1610612739
1627770,1610612741
1627770,1610612761
1627770,1610612765
1627771,1610612744
1627771,1610612765
1627772,1610612737
1627772,1610612739
1627772,1610612760
1627773,1610612742
1627773,1610612748
1627774,1610612750
1627774,1610612757
1627775,1610612739
1627775,1610612744
1627775,1610612761
1627776,1610612755
1627777,1610612744
1627777,1610612754
1627777,1610612762
1627778,1610612745
1627778,1610612757
1627779,1610612762
1627779,1610612766
1627780,1610612745
1627780,1610612747
1627780,1610612749
1627780,1610612757
1627780,1610612764
1627781,1610612758
1627781,1610612761
1627782,1610612740
1627782,1610612741
1627782,1610612763
1627783,1610612761
1627784,1610612742
1627784,1610612754
1627784,1610612761
1627784,1610612763
1627785,1610612751
1627786,1610612740
1627786,1610612745
1627786,1610612752
1627786,1610612758
1627786,1610612763
1627787,1610612745
1627787,1610612761
1627788,1610612755
1627789,1610612739
1627789,1610612741
1627789,1610612751
1627789,1610612755
1627789,1610612760
1627790,1610612739
1627791,1610612738
1627791,1610612742
1627811,1610612747
1627812,1610612742
1627812,1610612751
1627812,1610612758
1627814,1610612737
1627814,1610612738
1627814,1610612744
1627815,1610612764
1627816,1610612737
1627816,1610612754
1627816,1610612755
1627817,1610612745
1627817,1610612757
1627818,1610612760
1627819,1610612737
1627819,1610612739
1627819,1610612745
1627819,1610612761
1627820,1610612737
1627820,1610612746
1627820,1610612750
1627821,1610612751
1627821,1610612755
1627823,1610612743
1627824,1610612738
1627825,1610612763
1627826,1610612746
1627826,1610612747
1627827,1610612742
1627829,1610612747
1627832,1610612761
1627834,1610612757
1627834,1610612758
1627835,1610612741
1627836,1610612756
1627841,1610612748
1627843,1610612741
1627846,1610612738
1627846,1610612760
1627848,1610612755
1627849,1610612764
1627850,1610612746
1627850,1610612749
1627850,1610612752
1627851,1610612752
1627852,1610612737
1627852,1610612742
1627853,1610612741
1627853,1610612759
1627854,1610612759
1627855,1610612748
1627855,1610612759
1627855,1610612764
1627856,1610612737
1627856,1610612759
1627858,1610612742
1627858,1610612761
1627858,1610612762
1627861,1610612766
1627862,1610612751
1627863,1610612744
1627863,1610612745
1627863,1610612756
1627863,1610612764
1627865,1610612751
1627866,1610612742
1627867,1610612742
1627868,1610612753
1627868,1610612759
1627873,1610612740
1627875,1610612738
1627875,1610612748
1627875,1610612750
1627875,1610612753
1627878,1610612754
1627879,1610612759
1627880,1610612740
1627880,1610612762
1627881,1610612766
1627882,1610612766
1627883,1610612738
1627883,1610612739
1627883,1610612740
1627883,1610612742
1627883,1610612764
1627884,1610612748
1627884,1610612756
1627885,1610612741
1627885,1610612756
1627886,1610612741
1627887,1610612765
1627888,1610612765
1627902,1610612742
1627936,1610612747
1627936,1610612760
1627938,1610612741
1627954,1610612744
1627982,1610612740
1627982,1610612756
1627988,1610612760
1627988,1610612763
1628021,1610612739
1628021,1610612741
1628021,1610612747
1628021,1610612751
1628035,1610612739
1628035,1610612744
1628035,1610612761
1628041,1610612748
1628070,1610612761
1628174,1610612744
1628176,1610612746
1628241,1610612738
1628249,1610612750
1628249,1610612751
1628365,1610612753
1628365,1610612755
1628366,1610612740
1628366,1610612747
1628367,1610612756
1628367,1610612763
1628368,1610612758
1628369,1610612738
1628370,1610612766
1628371,1610612753
1628372,1610612742
1628372,1610612752
1628373,1610612752
1628374,1610612741
1628378,1610612762
1628379,1610612765
1628380,1610612757
1628381,1610612737
1628382,1610612742
1628382,1610612758
1628383,1610612750
1628383,1610612755
1628383,1610612760
1628384,1610612761
1628385,1610612758
1628386,1610612751
1628387,1610612754
1628388,1610612754
1628389,1610612748
1628390,1610612760
1628391,1610612749
1628392,1610612745
1628393,1610612746
1628393,1610612756
1628393,1610612760
1628394,1610612764
1628395,1610612744
1628395,1610612750
1628396,1610612762
1628397,1610612763
1628398,1610612747
1628399,1610612743
1628399,1610612758
1628400,1610612738
1628401,1610612759
1628402,1610612740
1628403,1610612757
1628403,1610612758
1628404,1610612740
1628404,1610612747
1628405,1610612742
1628405,1610612746
1628407,1610612766
1628408,1610612738
1628408,1610612742
1628408,1610612743
1628408,1610612760
1628409,1610612756
1628410,1610612754
1628411,1610612753
1628412,1610612749
1628412,1610612758
1628413,1610612755
1628414,1610612739
1628414,1610612746
1628415,1610612763
1628416,1610612737
1628416,1610612763
1628417,1610612739
1628417,1610612745
1628417,1610612759
1628418,1610612747
1628418,1610612764
1628419,1610612745
1628419,1610612757
1628420,1610612743
1628421,1610612761
1628421,1610612764
1628422,1610612752
1628424,1610612739
1628424,1610612763
1628424,1610612766
1628425,1610612749
1628427,1610612743
1628429,1610612740
1628429,1610612748
1628430,1610612762
1628431,1610612747
1628432,1610612748
1628432,1610612754
1628432,1610612756
1628433,1610612738
1628436,1610612741
1628436,1610612752
1628437,1610612745
1628439,1610612752
1628439,1610612766
1628443,1610612738
1628443,1610612752
1628444,1610612738
1628448,1610612740
1628449,1610612744
1628449,1610612761
1628450,1610612758
1628451,1610612751
1628452,1610612761
1628453,1610612750
1628454,1610612764
1628455,1610612740
1628455,1610612756
1628456,1610612763
1628460,1610612741
1628462,1610612746
1628463,1610612737
1628463,1610612762
1628464,1610612738
1628467,1610612742
1628469,1610612741
1628470,1610612743
1628473,1610612751
1628475,1610612748
1628476,1610612741
1628476,1610612746
1628476,1610612748
1628477,1610612765
1628491,1610612765
1628492,1610612742
1628493,1610612766
1628494,1610612766
1628495,1610612741
1628495,1610612751
1628496,1610612751
1628499,1610612737
1628499,1610612741
1628499,1610612742
1628499,1610612744
1628500,1610612754
1628502,1610612747
1628502,1610612752
1628502,1610612758
1628502,1610612761
1628503,1610612752
1628503,1610612753
1628503,1610612758
1628504,1610612752
1628504,1610612763
1628505,1610612753
1628505,1610612757
1628506,1610612739
1628506,1610612757
1628506,1610612759
1628510,1610612737
1628510,1610612738
1628511,1610612755
1628512,1610612758
1628513,1610612754
1628513,1610612762
1628514,1610612756
1628515,1610612753
1628515,1610612757
1628516,1610612766
1628517,1610612766
1628518,1610612750
1628518,1610612753
1628528,1610612746
1628535,1610612737
1628537,1610612737
1628537,1610612749
1628539,1610612748
1628554,1610612739
1628571,1610612748
1628571,1610612762
1628575,1610612741
1628576,1610612760
1628577,1610612760
1628578,1610612754
1628578,1610612759
1628579,1610612762
1628605,1610612763
1628610,1610612758
1628656,1610612752
1628677,1610612763
1628679,1610612738
1628680,1610612762
1628681,1610612748
1628681,1610612753
1628769,1610612737
1628769,1610612751
1628935,1610612745
1628959,1610612741
1628960,1610612762
1628960,1610612763
1628961,1610612742
1628961,1610612747
1628963,1610612758
1628964,1610612753
1628965,1610612766
1628966,1610612750
1628967,1610612750
1628968,1610612754
1628969,1610612756
1628970,1610612766
1628971,1610612765
1628972,1610612764
1628973,1610612742
1628975,1610612756
1628975,1610612763
1628976,1610612741
1628977,1610612760
1628978,1610612749
1628979,1610612749
1628980,1610612744
1628981,1610612737
1628982,1610612753
1628983,1610612746
1628983,1610612760
1628984,1610612766
1628985,1610612760
1628988,1610612754
1628989,1610612737
1628990,1610612741
1628991,1610612763
1628993,1610612754
1628994,1610612756
1628995,1610612752
1628996,1610612761
1628997,1610612766
1628998,1610612766
1628999,1610612738
1628999,1610612748
1629000,1610612740
1629001,1610612756
1629001,1610612763
1629002,1610612759
1629003,1610612755
1629004,1610612747
1629004,1610612765
1629005,1610612748
1629006,1610612750
1629008,1610612743
1629009,1610612739
1629010,1610612746
1629011,1610612752
1629012,1610612739
1629013,1610612746
1629013,1610612755
1629014,1610612757
1629015,1610612755
1629016,1610612737
1629016,1610612744
1629017,1610612765
1629018,1610612757
1629019,1610612752
1629020,1610612743
1629021,1610612747
1629021,1610612764
1629022,1610612759
1629023,1610612766
1629026,1610612740
1629027,1610612737
1629028,1610612756
1629029,1610612742
1629033,1610612751
1629034,1610612737
1629034,1610612742
1629034,1610612745
1629034,1610612756
1629035,1610612738
1629036,1610612762
1629037,1610612765
1629044,1610612745
1629044,1610612761
1629045,1610612739
1629045,1610612749
1629048,1610612754
1629050,1610612747
1629052,1610612761
1629053,1610612745
1629055,1610612746
1629055,1610612760
1629056,1610612761
1629057,1610612738
1629058,1610612751
1629059,1610612756
1629060,1610612764
1629061,1610612739
1629061,1610612751
1629061,1610612761
1629065,1610612744
1629066,1610612751
1629067,1610612747
1629067,1610612764
1629070,1610612745
1629076,1610612739
1629076,1610612743
1629078,1610612763
1629093,1610612760
1629094,1610612737
1629094,1610612744
1629097,1610612746
1629102,1610612741
1629102,1610612745
1629103,1610612750
1629109,1610612745
1629116,1610612746
1629117,1610612758
1629118,1610612743
1629118,1610612766
1629121,1610612737
1629121,1610612749
1629122,1610612739
1629122,1610612766
1629123,1610612750
1629126,1610612760
1629129,1610612740
1629129,1610612762
1629130,1610612748
1629131,1610612762
1629132,1610612753
1629133,1610612742
1629133,1610612748
1629134,1610612744
1629134,1610612748
1629136,1610612754
1629137,1610612747
1629139,1610612763
1629140,1610612747
1629142,1610612742
1629145,1610612766
1629146,1610612766
1629147,1610612766
1629148,1610612765
1629149,1610612742
1629150,1610612739
1629150,1610612743
1629150,1610612748
1629150,1610612756
1629151,1610612742
1629152,1610612743
1629152,1610612760
1629154,1610612745
1629155,1610612765
1629156,1610612763
1629159,1610612748
1629162,1610612750
1629162,1610612751
1629163,1610612762
1629164,1610612737
1629164,1610612743
1629164,1610612763
1629165,1610612738
1629166,1610612738
1629167,1610612738
1629168,1610612737
1629168,1610612753
1629168,1610612758
1629184,1610612746
1629185,1610612745
1629185,1610612764
1629186,1610612764
1629190,1610612737
1629203,1610612747
1629203,1610612764
1629226,1610612763
1629232,1610612738
1629232,1610612741
1629234,1610612759
1629236,1610612750
1629244,1610612749
1629244,1610612750
1629244,1610612758
1629245,1610612751
1629246,1610612752
1629260,1610612745
1629270,1610612765
1629285,1610612745
1629305,1610612747
1629308,1610612744
1629312,1610612755
1629346,1610612744
1629352,1610612752
1629353,1610612737
1629353,1610612753
1629541,1610612740
1629594,1610612763
1629595,1610612764
1629597,1610612740
1629598,1610612745
1629599,1610612746
1629605,1610612738
1629606,1610612766
1629607,1610612756
1629608,1610612761
1629609,1610612752
1629610,1610612753
1629610,1610612758
1629611,1610612746
1629612,1610612749
1629615,1610612746
1629616,1610612766
1629620,1610612764
1629621,1610612755
1629622,1610612738
1629622,1610612741
1629623,1610612750
1629624,1610612752
1629625,1610612762
1629626,1610612743
1629627,1610612740
1629628,1610612752
1629629,1610612737
1629630,1610612763
1629631,1610612737
1629632,1610612741
1629633,1610612750
1629634,1610612763
1629635,1610612765
1629636,1610612739
1629637,1610612740
1629638,1610612740
1629639,1610612748
1629640,1610612759
1629641,1610612738
1629642,1610612757
1629644,1610612748
1629645,1610612739
1629647,1610612760
1629648,1610612765
1629649,1610612752
1629650,1610612757
1629651,1610612751
1629652,1610612760
1629655,1610612741
1629657,1610612758
1629658,1610612757
1629659,1610612747
1629660,1610612756
1629661,1610612756
1629662,1610612746
1629663,1610612765
1629664,1610612759
1629665,1610612756
1629667,1610612766
1629668,1610612747
1629669,1610612750
1629671,1610612762
1629672,1610612744
1629673,1610612744
1629675,1610612750
1629676,1610612742
1629677,1610612759
1629678,1610612764
1629679,1610612741
1629680,1610612755
1629682,1610612738
1629683,1610612759
1629684,1610612738
1629685,1610612739
1629689,1610612742
1629690,1610612741
1629713,1610612758
1629714,1610612762
1629715,1610612740
1629716,1610612739
1629717,1610612737
1629718,1610612737
1629719,1610612747
1629721,1610612754
1629722,1610612752
1629723,1610612763
1629724,1610612753
1629725,1610612748
1629726,1610612764
1629729,1610612742
1629730,1610612749
1629731,1610612739
1629734,1610612748
1629735,1610612748
1629738,1610612738
1629739,1610612762
1629740,1610612740
1629741,1610612763
1629742,1610612762
1629743,1610612765
1629744,1610612761
1629745,1610612756
1629746,1610612755
1629747,1610612751
1629749,1610612756
1629750,1610612738
1629751,1610612742
1629752,1610612762
1629753,1610612758
1629755,1610612753
1629756,1610612759
1629759,1610612766
1629777,1610612752
1629779,1610612741
1629786,1610612751
1629800,1610612744
1629806,1610612746
1629818,1610612750
1629819,1610612742
1629824,1610612740
1629825,1610612741
1629826,1610612756
1629833,1610612757
1629860,1610612753
1629956,1610612750
1629962,1610612751
1629967,1610612748
122683568,1610612765
1962936250,1610612762
1962936270,1610612755
1962936483,1610612764
1962936489,1610612763
1962936495,1610612765
1962937755,1610612766
1962937827,1610612758
